group,label,precision,operation,domain,domain_role,samples,primary_competitor,primary_competitor_supported,fltx_worst_bits,fltx_mean_bits,fltx_domain_score,fltx_inf_nan_support,competitor_worst_bits,competitor_mean_bits,competitor_domain_score,competitor_inf_nan_support,precision_gap_bits,domain_gap_pp,fltx_ns_iter,competitor_ns_iter,speed_ratio,preferred_reference,preferred_mean_gap_bits,preferred_worst_gap_bits,preferred_domain_gap_pp,preferred_speed_ratio,qdpp (dd_real)_supported,qdpp (dd_real)_worst_bits,qdpp (dd_real)_mean_bits,qdpp (dd_real)_domain_score,qdpp (dd_real)_inf_nan_support,qdpp (dd_real)_gap_bits,qdpp (dd_real)_domain_gap_pp,qdpp (dd_real)_ns_iter,qdpp (dd_real)_speed_ratio
f128 <-> f128,add,f128,add,primary,primary,416,boost::multiprecision::cpp_double_double,yes,106.018,156.19,100,Both,106.018,156.19,100,Both,0,0,4.20695,4.37178,1.03918,qdpp (dd_real),0,0,0,1.00025,yes,106.018,156.19,100,NaN,0,0,4.20798,1.00025
f128 <-> f128,subtract,f128,subtract,primary,primary,416,boost::multiprecision::cpp_double_double,yes,106.007,157.85,100,Both,106.007,157.85,100,Both,0,0,4.2122,4.66538,1.10759,qdpp (dd_real),0,0,0,1.00577,yes,106.007,157.85,100,NaN,0,0,4.2365,1.00577
f128 <-> f128,multiply,f128,multiply,primary,primary,416,boost::multiprecision::cpp_double_double,yes,104.674,142.064,100,Both,104.954,141.299,99.9175,Both,-0.279234,0.0824634,4.20798,5.52005,1.3118,qdpp (dd_real),0,0,0,1.00009,yes,104.674,142.064,100,NaN,0,0,4.20837,1.00009
f128 <-> f128,divide,f128,divide,primary,primary,416,boost::multiprecision::cpp_double_double,yes,104.581,144.327,99.8254,Both,104.581,144.327,99.8254,NaN,0,0,4.20908,6.18,1.46826,boost::multiprecision::cpp_double_double,0,0,0,1.46826,yes,106.159,152.167,100,NaN,-1.57819,-0.174564,10.8879,2.58677
Mixed Workloads,affine trig transform,f128,affine transform,mixed,stress,28,boost::multiprecision::cpp_double_double,yes,109.179,109.227,100,-,105.205,107.24,99.4373,-,3.97402,0.562711,133.814,1457.77,10.894,qdpp (dd_real),2.49603,4.99207,1.28303,1.4782,yes,104.187,106.731,98.717,-,4.99207,1.28303,197.805,1.4782
Mixed Workloads,mandelbrot kernel,f128,mandelbrot,mixed,stress,3072,boost::multiprecision::cpp_double_double,yes,3.63422,155.263,52.4618,-,3.54951,152.561,51.36,-,0.0847128,1.10186,12.8151,58.4574,4.5616,qdpp (dd_real),4.87328,0.0324671,1.85938,1.04139,yes,3.60175,150.39,50.6024,-,0.0324671,1.85938,13.3455,1.04139
Mixed Workloads,mixed arithmetic,f128,mixed arithmetic,mixed,stress,196,boost::multiprecision::cpp_double_double,yes,98.1304,107.646,98.9574,-,98.1304,107.646,98.9574,-,0,0,38.0756,154.523,4.05831,qdpp (dd_real),1.83934,2.84315,0.978005,1.60977,yes,95.2873,105.806,97.9794,-,2.84315,0.978005,61.2929,1.60977
IO,"to_string(brute-bdr, rng, DEF)",f128,"to_string(brute-bdr, rng, DEF)",io,primary,2000,boost::multiprecision::cpp_double_double,yes,0,155.36,48.55,Both,0,155.36,48.55,Both,0,0,232.938,760.013,3.26273,boost::multiprecision::cpp_double_double,0,0,0,3.26273,no,-,-,-,-,-,-,-,-
IO,"to_string(brute-bdr, rng, FIX)",f128,"to_string(brute-bdr, rng, FIX)",io,primary,2000,boost::multiprecision::cpp_double_double,yes,exact,160,100,Both,0,154.8,48.375,Both,exact,51.625,180.488,862.413,4.77824,boost::multiprecision::cpp_double_double,exact,160,51.625,4.77824,no,-,-,-,-,-,-,-,-
IO,"to_string(brute-bdr, rng, HEX)",f128,"to_string(brute-bdr, rng, HEX)",io,primary,2000,boost::multiprecision::cpp_double_double,no,exact,160,100,Both,-,-,-,-,-,-,90.9125,-,-,-,-,-,-,-,no,-,-,-,-,-,-,-,-
IO,"to_string(brute-bdr, rng, SCI)",f128,"to_string(brute-bdr, rng, SCI)",io,primary,2000,boost::multiprecision::cpp_double_double,yes,0,156.48,48.9,Both,0,156.48,48.9,Both,0,0,264.3,825.513,3.12339,boost::multiprecision::cpp_double_double,0,0,0,3.12339,yes,0,134.865,43.8879,Both,0,5.01215,283.05,1.07094
IO,"to_string(brute-log, rng, DEF)",f128,"to_string(brute-log, rng, DEF)",io,primary,2000,boost::multiprecision::cpp_double_double,yes,0,155.12,48.475,Both,0,155.072,48.4777,Both,0,-0.00272036,356.038,1196.54,3.36071,boost::multiprecision::cpp_double_double,0.0482328,0,-0.00272036,3.36071,no,-,-,-,-,-,-,-,-
IO,"to_string(brute-log, rng, FIX)",f128,"to_string(brute-log, rng, FIX)",io,primary,2000,boost::multiprecision::cpp_double_double,yes,exact,160,100,Both,0,154.8,48.375,Both,exact,51.625,399.413,1259.06,3.15229,boost::multiprecision::cpp_double_double,exact,160,51.625,3.15229,no,-,-,-,-,-,-,-,-
IO,"to_string(brute-log, rng, HEX)",f128,"to_string(brute-log, rng, HEX)",io,primary,2000,boost::multiprecision::cpp_double_double,no,0,159.84,79.95,Both,-,-,-,-,-,-,96.375,-,-,-,-,-,-,-,no,-,-,-,-,-,-,-,-
IO,"to_string(brute-log, rng, SCI)",f128,"to_string(brute-log, rng, SCI)",io,primary,2000,boost::multiprecision::cpp_double_double,yes,0,154.96,48.425,Both,0,154.96,48.425,Both,0,0,392.55,1211.36,3.08588,boost::multiprecision::cpp_double_double,0,0,0,3.08588,yes,0,140.252,44.3529,Both,0,4.0721,267.837,0.682302
IO,"to_string(carry-bdr, rng, DEF)",f128,"to_string(carry-bdr, rng, DEF)",io,primary,2000,boost::multiprecision::cpp_double_double,yes,0,154,48.125,Both,0,154,48.125,Both,0,0,209.9,766.312,3.65085,boost::multiprecision::cpp_double_double,0,0,0,3.65085,no,-,-,-,-,-,-,-,-
IO,"to_string(carry-bdr, rng, FIX)",f128,"to_string(carry-bdr, rng, FIX)",io,primary,2000,boost::multiprecision::cpp_double_double,yes,exact,160,100,Both,0,154.4,48.25,Both,exact,51.75,130.4,648.737,4.97498,boost::multiprecision::cpp_double_double,exact,160,51.75,4.97498,yes,0,150.139,47.2591,Both,exact,52.7409,869.125,6.66507
IO,"to_string(carry-bdr, rng, HEX)",f128,"to_string(carry-bdr, rng, HEX)",io,primary,2000,boost::multiprecision::cpp_double_double,no,exact,160,100,Both,-,-,-,-,-,-,91.625,-,-,-,-,-,-,-,no,-,-,-,-,-,-,-,-
IO,"to_string(carry-bdr, rng, SCI)",f128,"to_string(carry-bdr, rng, SCI)",io,primary,2000,boost::multiprecision::cpp_double_double,yes,0,153.84,48.075,Both,0,153.84,48.075,Both,0,0,305.262,817.525,2.6781,boost::multiprecision::cpp_double_double,0,0,0,2.6781,yes,0,110.01,38.0094,Both,0,10.0656,282.625,0.925843
IO,"to_string(def-bdr, rng, DEF)",f128,"to_string(def-bdr, rng, DEF)",io,primary,2000,boost::multiprecision::cpp_double_double,yes,0,155.28,48.525,Both,0,155.28,48.525,Both,0,0,213.213,771.038,3.61629,boost::multiprecision::cpp_double_double,0,0,0,3.61629,no,-,-,-,-,-,-,-,-
IO,"to_string(def-bdr, rng, FIX)",f128,"to_string(def-bdr, rng, FIX)",io,primary,2000,boost::multiprecision::cpp_double_double,yes,exact,160,100,Both,0,155.36,48.55,Both,exact,51.45,131.6,653.275,4.9641,boost::multiprecision::cpp_double_double,exact,160,51.45,4.9641,yes,0,151.951,47.7696,Both,exact,52.2304,866.138,6.58159
IO,"to_string(def-bdr, rng, HEX)",f128,"to_string(def-bdr, rng, HEX)",io,primary,2000,boost::multiprecision::cpp_double_double,no,exact,160,100,Both,-,-,-,-,-,-,89.8875,-,-,-,-,-,-,-,no,-,-,-,-,-,-,-,-
IO,"to_string(def-bdr, rng, SCI)",f128,"to_string(def-bdr, rng, SCI)",io,primary,2000,boost::multiprecision::cpp_double_double,yes,0,155.44,48.575,Both,0,155.44,48.575,Both,0,0,376.238,812.538,2.15964,boost::multiprecision::cpp_double_double,0,0,0,2.15964,yes,0,107.649,37.4688,Both,0,11.1062,275.538,0.73235
IO,"to_string(fixed-frac, rng, FIX)",f128,"to_string(fixed-frac, rng, FIX)",io,primary,2000,boost::multiprecision::cpp_double_double,yes,exact,160,100,Both,0,154.4,48.25,Both,exact,51.75,109.6,590.4,5.38686,qdpp (dd_real),exact,160,50.65,4.62911,yes,-0,157.92,49.35,Both,exact,50.65,507.35,4.62911
IO,"to_string(fixed-int, rng, FIX)",f128,"to_string(fixed-int, rng, FIX)",io,primary,2000,boost::multiprecision::cpp_double_double,yes,exact,160,100,Both,0,155.84,48.7,Both,exact,51.3,306.762,1233.96,4.02253,boost::multiprecision::cpp_double_double,exact,160,51.3,4.02253,no,-,-,-,-,-,-,-,-
IO,"to_string(large-int, 15, DEF)",f128,"to_string(large-int, 15, DEF)",io,primary,2000,boost::multiprecision::cpp_double_double,yes,exact,160,100,Both,exact,160,100,Both,0,0,226.325,920.85,4.06871,boost::multiprecision::cpp_double_double,0,0,0,4.06871,no,-,-,-,-,-,-,-,-
IO,"to_string(large-int, 15, FIX)",f128,"to_string(large-int, 15, FIX)",io,primary,2000,boost::multiprecision::cpp_double_double,yes,exact,160,100,Both,exact,160,100,Both,0,0,266.712,1126.06,4.22201,boost::multiprecision::cpp_double_double,0,0,0,4.22201,no,-,-,-,-,-,-,-,-
IO,"to_string(large-int, 15, HEX)",f128,"to_string(large-int, 15, HEX)",io,primary,2000,boost::multiprecision::cpp_double_double,no,exact,160,100,Both,-,-,-,-,-,-,92.1125,-,-,-,-,-,-,-,no,-,-,-,-,-,-,-,-
IO,"to_string(large-int, 15, SCI)",f128,"to_string(large-int, 15, SCI)",io,primary,2000,boost::multiprecision::cpp_double_double,yes,exact,160,100,Both,exact,160,100,Both,0,0,251.35,1230.75,4.89656,boost::multiprecision::cpp_double_double,0,0,0,4.89656,yes,52.7278,159.893,89.9236,Both,exact,10.0764,262.925,1.04605
IO,"to_string(large-int, 31, DEF)",f128,"to_string(large-int, 31, DEF)",io,primary,2000,boost::multiprecision::cpp_double_double,yes,exact,160,100,Both,exact,160,100,Both,0,0,322,965.75,2.99922,boost::multiprecision::cpp_double_double,0,0,0,2.99922,no,-,-,-,-,-,-,-,-
IO,"to_string(large-int, 31, FIX)",f128,"to_string(large-int, 31, FIX)",io,primary,2000,boost::multiprecision::cpp_double_double,yes,exact,160,100,Both,exact,160,100,Both,0,0,296.825,1239.16,4.17472,boost::multiprecision::cpp_double_double,0,0,0,4.17472,no,-,-,-,-,-,-,-,-
IO,"to_string(large-int, 31, HEX)",f128,"to_string(large-int, 31, HEX)",io,primary,2000,boost::multiprecision::cpp_double_double,no,exact,160,100,Both,-,-,-,-,-,-,98.025,-,-,-,-,-,-,-,no,-,-,-,-,-,-,-,-
IO,"to_string(large-int, 31, SCI)",f128,"to_string(large-int, 31, SCI)",io,primary,2000,boost::multiprecision::cpp_double_double,yes,exact,160,100,Both,exact,160,100,Both,0,0,340.587,991.688,2.9117,boost::multiprecision::cpp_double_double,0,0,0,2.9117,yes,103.186,133.902,98.6,Both,exact,1.40002,430.75,1.26473
IO,"to_string(large-int, 7, DEF)",f128,"to_string(large-int, 7, DEF)",io,primary,2000,boost::multiprecision::cpp_double_double,yes,exact,160,100,Both,exact,160,100,Both,0,0,141.963,805.425,5.67351,boost::multiprecision::cpp_double_double,0,0,0,5.67351,no,-,-,-,-,-,-,-,-
IO,"to_string(large-int, 7, FIX)",f128,"to_string(large-int, 7, FIX)",io,primary,2000,boost::multiprecision::cpp_double_double,yes,exact,160,100,Both,exact,160,100,Both,0,0,239.025,996.663,4.1697,boost::multiprecision::cpp_double_double,0,0,0,4.1697,no,-,-,-,-,-,-,-,-
IO,"to_string(large-int, 7, HEX)",f128,"to_string(large-int, 7, HEX)",io,primary,2000,boost::multiprecision::cpp_double_double,no,exact,160,100,Both,-,-,-,-,-,-,92.625,-,-,-,-,-,-,-,no,-,-,-,-,-,-,-,-
IO,"to_string(large-int, 7, SCI)",f128,"to_string(large-int, 7, SCI)",io,primary,2000,boost::multiprecision::cpp_double_double,yes,exact,160,100,Both,exact,160,100,Both,0,0,147.175,787.65,5.35179,boost::multiprecision::cpp_double_double,0,0,0,5.35179,yes,25.9368,159.866,84.856,Both,exact,15.144,172.988,1.17539
IO,"to_string(max-exp, 15, DEF)",f128,"to_string(max-exp, 15, DEF)",io,primary,2000,boost::multiprecision::cpp_double_double,yes,exact,160,100,Both,exact,160,100,Both,0,0,276.525,1214.86,4.39332,boost::multiprecision::cpp_double_double,0,0,0,4.39332,no,-,-,-,-,-,-,-,-
IO,"to_string(max-exp, 15, FIX)",f128,"to_string(max-exp, 15, FIX)",io,primary,2000,boost::multiprecision::cpp_double_double,yes,exact,160,100,Both,exact,160,100,Both,0,0,1568.56,3630.41,2.31448,boost::multiprecision::cpp_double_double,0,0,0,2.31448,no,-,-,-,-,-,-,-,-
IO,"to_string(max-exp, 15, HEX)",f128,"to_string(max-exp, 15, HEX)",io,primary,2000,boost::multiprecision::cpp_double_double,no,0,157.44,49.2,Both,-,-,-,-,-,-,95.3375,-,-,-,-,-,-,-,no,-,-,-,-,-,-,-,-
IO,"to_string(max-exp, 15, SCI)",f128,"to_string(max-exp, 15, SCI)",io,primary,2000,boost::multiprecision::cpp_double_double,yes,exact,160,100,Both,exact,160,100,Both,0,0,353.512,1189.71,3.3654,boost::multiprecision::cpp_double_double,0,0,0,3.3654,yes,50.1554,159.458,89.3348,Both,exact,10.6652,273.663,0.774124
IO,"to_string(max-exp, 31, DEF)",f128,"to_string(max-exp, 31, DEF)",io,primary,2000,boost::multiprecision::cpp_double_double,yes,exact,160,100,Both,exact,160,100,Both,0,0,787.725,1327.24,1.6849,boost::multiprecision::cpp_double_double,0,0,0,1.6849,no,-,-,-,-,-,-,-,-
IO,"to_string(max-exp, 31, FIX)",f128,"to_string(max-exp, 31, FIX)",io,primary,2000,boost::multiprecision::cpp_double_double,yes,exact,160,100,Both,exact,160,100,Both,0,0,1699.47,3824.09,2.25016,boost::multiprecision::cpp_double_double,0,0,0,2.25016,no,-,-,-,-,-,-,-,-
IO,"to_string(max-exp, 31, HEX)",f128,"to_string(max-exp, 31, HEX)",io,primary,2000,boost::multiprecision::cpp_double_double,no,0,157.44,49.2,Both,-,-,-,-,-,-,94.25,-,-,-,-,-,-,-,no,-,-,-,-,-,-,-,-
IO,"to_string(max-exp, 31, SCI)",f128,"to_string(max-exp, 31, SCI)",io,primary,2000,boost::multiprecision::cpp_double_double,yes,exact,160,100,Both,exact,160,100,Both,0,0,819.587,1326.79,1.61885,boost::multiprecision::cpp_double_double,0,0,0,1.61885,yes,101.859,102.42,96.4251,Both,exact,3.57492,443.15,0.540699
IO,"to_string(max-exp, 7, DEF)",f128,"to_string(max-exp, 7, DEF)",io,primary,2000,boost::multiprecision::cpp_double_double,yes,exact,160,100,Both,exact,160,100,Both,0,0,208.562,1073.36,5.14648,boost::multiprecision::cpp_double_double,0,0,0,5.14648,no,-,-,-,-,-,-,-,-
IO,"to_string(max-exp, 7, FIX)",f128,"to_string(max-exp, 7, FIX)",io,primary,2000,boost::multiprecision::cpp_double_double,yes,exact,160,100,Both,exact,160,100,Both,0,0,1503.47,3411.78,2.26926,boost::multiprecision::cpp_double_double,0,0,0,2.26926,no,-,-,-,-,-,-,-,-
IO,"to_string(max-exp, 7, HEX)",f128,"to_string(max-exp, 7, HEX)",io,primary,2000,boost::multiprecision::cpp_double_double,no,0,157.44,49.2,Both,-,-,-,-,-,-,93.1875,-,-,-,-,-,-,-,no,-,-,-,-,-,-,-,-
IO,"to_string(max-exp, 7, SCI)",f128,"to_string(max-exp, 7, SCI)",io,primary,2000,boost::multiprecision::cpp_double_double,yes,exact,160,100,Both,exact,160,100,Both,0,0,204.2,1092.35,5.34941,boost::multiprecision::cpp_double_double,0,0,0,5.34941,yes,23.8521,159.596,84.3863,Both,exact,15.6137,183.85,0.900343
IO,"to_string(medium, 15, DEF)",f128,"to_string(medium, 15, DEF)",io,primary,2000,boost::multiprecision::cpp_double_double,yes,exact,160,100,Both,exact,160,100,Both,0,0,174.363,624.8,3.58334,boost::multiprecision::cpp_double_double,0,0,0,3.58334,no,-,-,-,-,-,-,-,-
IO,"to_string(medium, 15, FIX)",f128,"to_string(medium, 15, FIX)",io,primary,2000,boost::multiprecision::cpp_double_double,yes,exact,160,100,Both,exact,160,100,Both,0,0,149.412,909.487,6.08709,boost::multiprecision::cpp_double_double,0,0,0,6.08709,yes,0.152003,155.074,79.9986,Both,exact,20.0014,908.525,6.08065
IO,"to_string(medium, 15, HEX)",f128,"to_string(medium, 15, HEX)",io,primary,2000,boost::multiprecision::cpp_double_double,no,exact,160,100,Both,-,-,-,-,-,-,73.95,-,-,-,-,-,-,-,no,-,-,-,-,-,-,-,-
IO,"to_string(medium, 15, SCI)",f128,"to_string(medium, 15, SCI)",io,primary,2000,boost::multiprecision::cpp_double_double,yes,exact,160,100,Both,exact,160,100,Both,0,0,230.287,631.15,2.7407,boost::multiprecision::cpp_double_double,0,0,0,2.7407,yes,51.1237,159.731,89.5827,Both,exact,10.4173,254.125,1.10351
IO,"to_string(medium, 31, DEF)",f128,"to_string(medium, 31, DEF)",io,primary,2000,boost::multiprecision::cpp_double_double,yes,exact,160,100,Both,exact,160,100,Both,0,0,199.125,719.062,3.61111,boost::multiprecision::cpp_double_double,0,0,0,3.61111,no,-,-,-,-,-,-,-,-
IO,"to_string(medium, 31, FIX)",f128,"to_string(medium, 31, FIX)",io,primary,2000,boost::multiprecision::cpp_double_double,yes,exact,160,100,Both,exact,160,100,Both,0,0,185.738,914.938,4.92597,boost::multiprecision::cpp_double_double,0,0,0,4.92597,yes,0.152003,111.288,80.0037,Both,exact,19.9963,982.225,5.28824
IO,"to_string(medium, 31, HEX)",f128,"to_string(medium, 31, HEX)",io,primary,2000,boost::multiprecision::cpp_double_double,no,exact,160,100,Both,-,-,-,-,-,-,73.3375,-,-,-,-,-,-,-,no,-,-,-,-,-,-,-,-
IO,"to_string(medium, 31, SCI)",f128,"to_string(medium, 31, SCI)",io,primary,2000,boost::multiprecision::cpp_double_double,yes,exact,160,100,Both,exact,160,100,Both,0,0,204.225,788.85,3.86265,boost::multiprecision::cpp_double_double,0,0,0,3.86265,yes,104.177,156.994,99.4626,Both,exact,0.537447,431.65,2.1136
IO,"to_string(medium, 7, DEF)",f128,"to_string(medium, 7, DEF)",io,primary,2000,boost::multiprecision::cpp_double_double,yes,exact,160,100,Both,exact,160,100,Both,0,0,139,577.125,4.15198,boost::multiprecision::cpp_double_double,0,0,0,4.15198,no,-,-,-,-,-,-,-,-
IO,"to_string(medium, 7, FIX)",f128,"to_string(medium, 7, FIX)",io,primary,2000,boost::multiprecision::cpp_double_double,yes,exact,160,100,Both,exact,160,100,Both,0,0,133.562,590.462,4.42087,boost::multiprecision::cpp_double_double,0,0,0,4.42087,yes,0.152003,159.868,79.992,Both,exact,20.008,871.987,6.52869
IO,"to_string(medium, 7, HEX)",f128,"to_string(medium, 7, HEX)",io,primary,2000,boost::multiprecision::cpp_double_double,no,exact,160,100,Both,-,-,-,-,-,-,72.4875,-,-,-,-,-,-,-,no,-,-,-,-,-,-,-,-
IO,"to_string(medium, 7, SCI)",f128,"to_string(medium, 7, SCI)",io,primary,2000,boost::multiprecision::cpp_double_double,yes,exact,160,100,Both,exact,160,100,Both,0,0,141.75,581.638,4.10326,boost::multiprecision::cpp_double_double,0,0,0,4.10326,yes,24.8894,159.597,84.5824,Both,exact,15.4176,167.262,1.17998
IO,"to_string(near-zero, 15, DEF)",f128,"to_string(near-zero, 15, DEF)",io,primary,2000,boost::multiprecision::cpp_double_double,yes,exact,160,100,Both,exact,160,100,Both,0,0,235.412,1016.41,4.31758,boost::multiprecision::cpp_double_double,0,0,0,4.31758,no,-,-,-,-,-,-,-,-
IO,"to_string(near-zero, 15, FIX)",f128,"to_string(near-zero, 15, FIX)",io,primary,2000,boost::multiprecision::cpp_double_double,yes,exact,160,100,Both,exact,160,100,Both,0,0,103.8,552.413,5.32189,boost::multiprecision::cpp_double_double,0,0,0,5.32189,yes,0,157.2,49.125,Both,exact,50.875,445.712,4.29395
IO,"to_string(near-zero, 15, HEX)",f128,"to_string(near-zero, 15, HEX)",io,primary,2000,boost::multiprecision::cpp_double_double,no,exact,160,100,Both,-,-,-,-,-,-,94.9875,-,-,-,-,-,-,-,no,-,-,-,-,-,-,-,-
IO,"to_string(near-zero, 15, SCI)",f128,"to_string(near-zero, 15, SCI)",io,primary,2000,boost::multiprecision::cpp_double_double,yes,exact,160,100,Both,exact,160,100,Both,0,0,229.863,1003.19,4.36429,boost::multiprecision::cpp_double_double,0,0,0,4.36429,yes,51.4703,159.892,89.6859,Both,exact,10.3141,280.837,1.22176
IO,"to_string(near-zero, 31, DEF)",f128,"to_string(near-zero, 31, DEF)",io,primary,2000,boost::multiprecision::cpp_double_double,yes,exact,160,100,Both,exact,160,100,Both,0,0,262.15,1205.26,4.59761,boost::multiprecision::cpp_double_double,0,0,0,4.59761,no,-,-,-,-,-,-,-,-
IO,"to_string(near-zero, 31, FIX)",f128,"to_string(near-zero, 31, FIX)",io,primary,2000,boost::multiprecision::cpp_double_double,yes,exact,160,100,Both,exact,160,100,Both,0,0,142.188,773.763,5.44185,boost::multiprecision::cpp_double_double,0,0,0,5.44185,yes,-0,157.125,49.1151,Both,exact,50.8849,810.763,5.70207
IO,"to_string(near-zero, 31, HEX)",f128,"to_string(near-zero, 31, HEX)",io,primary,2000,boost::multiprecision::cpp_double_double,no,exact,160,100,Both,-,-,-,-,-,-,96.375,-,-,-,-,-,-,-,no,-,-,-,-,-,-,-,-
IO,"to_string(near-zero, 31, SCI)",f128,"to_string(near-zero, 31, SCI)",io,primary,2000,boost::multiprecision::cpp_double_double,yes,exact,160,100,Both,exact,160,100,Both,0,0,261.95,1239.88,4.73325,boost::multiprecision::cpp_double_double,0,0,0,4.73325,yes,103.095,146.557,98.8076,Both,exact,1.19241,453.975,1.73306
IO,"to_string(near-zero, 7, DEF)",f128,"to_string(near-zero, 7, DEF)",io,primary,2000,boost::multiprecision::cpp_double_double,yes,exact,160,100,Both,exact,160,100,Both,0,0,145.8,821.7,5.6358,boost::multiprecision::cpp_double_double,0,0,0,5.6358,no,-,-,-,-,-,-,-,-
IO,"to_string(near-zero, 7, FIX)",f128,"to_string(near-zero, 7, FIX)",io,primary,2000,boost::multiprecision::cpp_double_double,yes,exact,160,100,Both,exact,160,100,Both,0,0,64.4875,456.275,7.0754,boost::multiprecision::cpp_double_double,0,0,0,7.0754,yes,-0,157.6,49.25,Both,exact,50.75,249.887,3.87498
IO,"to_string(near-zero, 7, HEX)",f128,"to_string(near-zero, 7, HEX)",io,primary,2000,boost::multiprecision::cpp_double_double,no,exact,160,100,Both,-,-,-,-,-,-,95.65,-,-,-,-,-,-,-,no,-,-,-,-,-,-,-,-
IO,"to_string(near-zero, 7, SCI)",f128,"to_string(near-zero, 7, SCI)",io,primary,2000,boost::multiprecision::cpp_double_double,yes,exact,160,100,Both,exact,160,100,Both,0,0,144.875,829.45,5.72528,boost::multiprecision::cpp_double_double,0,0,0,5.72528,yes,26.2752,159.933,84.9388,Both,exact,15.0612,188.6,1.30181
IO,"to_string(round-bdr, rng, DEF)",f128,"to_string(round-bdr, rng, DEF)",io,primary,2000,boost::multiprecision::cpp_double_double,yes,0,154.16,48.175,Both,0,154.16,48.175,Both,0,0,212.863,766.612,3.60144,boost::multiprecision::cpp_double_double,0,0,0,3.60144,no,-,-,-,-,-,-,-,-
IO,"to_string(round-bdr, rng, FIX)",f128,"to_string(round-bdr, rng, FIX)",io,primary,2000,boost::multiprecision::cpp_double_double,yes,exact,160,100,Both,0,155.76,48.675,Both,exact,51.325,130.2,643.525,4.94259,boost::multiprecision::cpp_double_double,exact,160,51.325,4.94259,yes,0,151.417,47.6071,Both,exact,52.3929,860.225,6.60695
IO,"to_string(round-bdr, rng, HEX)",f128,"to_string(round-bdr, rng, HEX)",io,primary,2000,boost::multiprecision::cpp_double_double,no,exact,160,100,Both,-,-,-,-,-,-,91.1375,-,-,-,-,-,-,-,no,-,-,-,-,-,-,-,-
IO,"to_string(round-bdr, rng, SCI)",f128,"to_string(round-bdr, rng, SCI)",io,primary,2000,boost::multiprecision::cpp_double_double,yes,0,155.52,48.6,Both,0,155.52,48.6,Both,0,0,313.725,806.65,2.5712,boost::multiprecision::cpp_double_double,0,0,0,2.5712,yes,0,109.374,38.0024,Both,0,10.5976,281.325,0.896725
IO,"to_string(subnormal, 15, DEF)",f128,"to_string(subnormal, 15, DEF)",io,primary,2000,boost::multiprecision::cpp_double_double,yes,exact,160,100,Both,exact,160,100,Both,0,0,97.3,226.887,2.33183,boost::multiprecision::cpp_double_double,0,0,0,2.33183,no,-,-,-,-,-,-,-,-
IO,"to_string(subnormal, 15, FIX)",f128,"to_string(subnormal, 15, FIX)",io,primary,2000,boost::multiprecision::cpp_double_double,yes,exact,160,100,Both,exact,160,100,Both,0,0,43.6,270.575,6.20585,boost::multiprecision::cpp_double_double,0,0,0,6.20585,yes,0,0,0,Both,exact,100,8.8875,0.203842
IO,"to_string(subnormal, 15, HEX)",f128,"to_string(subnormal, 15, HEX)",io,primary,2000,boost::multiprecision::cpp_double_double,no,exact,160,100,Both,-,-,-,-,-,-,74.8,-,-,-,-,-,-,-,no,-,-,-,-,-,-,-,-
IO,"to_string(subnormal, 15, SCI)",f128,"to_string(subnormal, 15, SCI)",io,primary,2000,boost::multiprecision::cpp_double_double,yes,exact,160,100,Both,exact,160,100,Both,0,0,87.775,273.587,3.11692,boost::multiprecision::cpp_double_double,0,0,0,3.11692,yes,0,0,0,Both,exact,100,9.0125,0.102677
IO,"to_string(subnormal, 31, DEF)",f128,"to_string(subnormal, 31, DEF)",io,primary,2000,boost::multiprecision::cpp_double_double,yes,exact,160,100,Both,exact,160,100,Both,0,0,126.487,229.875,1.81737,boost::multiprecision::cpp_double_double,0,0,0,1.81737,no,-,-,-,-,-,-,-,-
IO,"to_string(subnormal, 31, FIX)",f128,"to_string(subnormal, 31, FIX)",io,primary,2000,boost::multiprecision::cpp_double_double,yes,exact,160,100,Both,exact,160,100,Both,0,0,45.2,311.788,6.89795,boost::multiprecision::cpp_double_double,0,0,0,6.89795,yes,0,0,0,Both,exact,100,10.5875,0.234237
IO,"to_string(subnormal, 31, HEX)",f128,"to_string(subnormal, 31, HEX)",io,primary,2000,boost::multiprecision::cpp_double_double,no,exact,160,100,Both,-,-,-,-,-,-,75.525,-,-,-,-,-,-,-,no,-,-,-,-,-,-,-,-
IO,"to_string(subnormal, 31, SCI)",f128,"to_string(subnormal, 31, SCI)",io,primary,2000,boost::multiprecision::cpp_double_double,yes,exact,160,100,Both,exact,160,100,Both,0,0,121.275,297.663,2.45444,boost::multiprecision::cpp_double_double,0,0,0,2.45444,yes,0,0,0,Both,exact,100,10.3875,0.0856524
IO,"to_string(subnormal, 7, DEF)",f128,"to_string(subnormal, 7, DEF)",io,primary,2000,boost::multiprecision::cpp_double_double,yes,exact,160,100,Both,exact,160,100,Both,0,0,72.925,227.113,3.11433,boost::multiprecision::cpp_double_double,0,0,0,3.11433,no,-,-,-,-,-,-,-,-
IO,"to_string(subnormal, 7, FIX)",f128,"to_string(subnormal, 7, FIX)",io,primary,2000,boost::multiprecision::cpp_double_double,yes,exact,160,100,Both,exact,160,100,Both,0,0,26.775,234.662,8.76424,boost::multiprecision::cpp_double_double,0,0,0,8.76424,yes,0,0,0,Both,exact,100,9.325,0.348273
IO,"to_string(subnormal, 7, HEX)",f128,"to_string(subnormal, 7, HEX)",io,primary,2000,boost::multiprecision::cpp_double_double,no,exact,160,100,Both,-,-,-,-,-,-,75.5625,-,-,-,-,-,-,-,no,-,-,-,-,-,-,-,-
IO,"to_string(subnormal, 7, SCI)",f128,"to_string(subnormal, 7, SCI)",io,primary,2000,boost::multiprecision::cpp_double_double,yes,exact,160,100,Both,exact,160,100,Both,0,0,62.575,238.025,3.80384,boost::multiprecision::cpp_double_double,0,0,0,3.80384,yes,0,0,0,Both,exact,100,10.85,0.173392
IO,"to_string(unit, 15, DEF)",f128,"to_string(unit, 15, DEF)",io,primary,2000,boost::multiprecision::cpp_double_double,yes,exact,160,100,Both,exact,160,100,Both,0,0,180.575,724.862,4.01419,boost::multiprecision::cpp_double_double,0,0,0,4.01419,no,-,-,-,-,-,-,-,-
IO,"to_string(unit, 15, FIX)",f128,"to_string(unit, 15, FIX)",io,primary,2000,boost::multiprecision::cpp_double_double,yes,exact,160,100,Both,exact,160,100,Both,0,0,129.262,694.413,5.37211,boost::multiprecision::cpp_double_double,0,0,0,5.37211,yes,0,159.92,79.975,Both,exact,20.025,915.237,7.08046
IO,"to_string(unit, 15, HEX)",f128,"to_string(unit, 15, HEX)",io,primary,2000,boost::multiprecision::cpp_double_double,no,exact,160,100,Both,-,-,-,-,-,-,83.575,-,-,-,-,-,-,-,no,-,-,-,-,-,-,-,-
IO,"to_string(unit, 15, SCI)",f128,"to_string(unit, 15, SCI)",io,primary,2000,boost::multiprecision::cpp_double_double,yes,exact,160,100,Both,exact,160,100,Both,0,0,231.65,832.8,3.59508,boost::multiprecision::cpp_double_double,0,0,0,3.59508,yes,51.1314,159.784,89.5965,Both,exact,10.4035,258.825,1.11731
IO,"to_string(unit, 31, DEF)",f128,"to_string(unit, 31, DEF)",io,primary,2000,boost::multiprecision::cpp_double_double,yes,exact,160,100,Both,exact,160,100,Both,0,0,225.762,929.837,4.11865,boost::multiprecision::cpp_double_double,0,0,0,4.11865,no,-,-,-,-,-,-,-,-
IO,"to_string(unit, 31, FIX)",f128,"to_string(unit, 31, FIX)",io,primary,2000,boost::multiprecision::cpp_double_double,yes,exact,160,100,Both,exact,160,100,Both,0,0,174.137,842.763,4.83964,boost::multiprecision::cpp_double_double,0,0,0,4.83964,yes,0,143.086,79.973,Both,exact,20.027,980.85,5.63262
IO,"to_string(unit, 31, HEX)",f128,"to_string(unit, 31, HEX)",io,primary,2000,boost::multiprecision::cpp_double_double,no,exact,160,100,Both,-,-,-,-,-,-,82.7875,-,-,-,-,-,-,-,no,-,-,-,-,-,-,-,-
IO,"to_string(unit, 31, SCI)",f128,"to_string(unit, 31, SCI)",io,primary,2000,boost::multiprecision::cpp_double_double,yes,exact,160,100,Both,exact,160,100,Both,0,0,220.25,1011.51,4.59257,boost::multiprecision::cpp_double_double,0,0,0,4.59257,yes,103.539,153.475,99.1504,Both,exact,0.849614,432.85,1.96527
IO,"to_string(unit, 7, DEF)",f128,"to_string(unit, 7, DEF)",io,primary,2000,boost::multiprecision::cpp_double_double,yes,exact,160,100,Both,exact,160,100,Both,0,0,134.825,573.4,4.25292,boost::multiprecision::cpp_double_double,0,0,0,4.25292,no,-,-,-,-,-,-,-,-
IO,"to_string(unit, 7, FIX)",f128,"to_string(unit, 7, FIX)",io,primary,2000,boost::multiprecision::cpp_double_double,yes,exact,160,100,Both,exact,160,100,Both,0,0,96.6875,562.438,5.81707,boost::multiprecision::cpp_double_double,0,0,0,5.81707,yes,0,159.92,79.975,Both,exact,20.025,853.388,8.82624
IO,"to_string(unit, 7, HEX)",f128,"to_string(unit, 7, HEX)",io,primary,2000,boost::multiprecision::cpp_double_double,no,exact,160,100,Both,-,-,-,-,-,-,85.75,-,-,-,-,-,-,-,no,-,-,-,-,-,-,-,-
IO,"to_string(unit, 7, SCI)",f128,"to_string(unit, 7, SCI)",io,primary,2000,boost::multiprecision::cpp_double_double,yes,exact,160,100,Both,exact,160,100,Both,0,0,145.887,620.587,4.25388,boost::multiprecision::cpp_double_double,0,0,0,4.25388,yes,24.3669,159.597,84.4837,Both,exact,15.5163,165.738,1.13606
IO,to_string (average),f128,to_string (average),io,primary,16000,boost::multiprecision::cpp_double_double,yes,60,157.72,71.7875,Both,0,155.245,48.5171,Both,60,23.2704,251.627,1019.15,4.05025,boost::multiprecision::cpp_double_double,2.47471,60,23.2704,4.05025,yes,0,137.559,44.1204,Both,60,27.6671,275.444,1.09465
IO,"parse(large-int, DEF)",f128,"parse(large-int, DEF)",io,primary,2000,boost::multiprecision::cpp_double_double,yes,exact,160,100,Both,106.007,131.367,100,Both,exact,0,159.925,918.125,5.74097,boost::multiprecision::cpp_double_double,exact,53.9925,0,5.74097,yes,103.627,128.344,98.9552,No,exact,1.04477,176.5,1.10364
IO,"parse(large-int, FIX)",f128,"parse(large-int, FIX)",io,primary,2000,boost::multiprecision::cpp_double_double,yes,exact,160,100,Both,106,130.1,100,Both,exact,0,234.262,1137.42,4.85534,boost::multiprecision::cpp_double_double,exact,53.9996,0,4.85534,yes,102.996,121.504,98.5803,No,exact,1.4197,385.125,1.64399
IO,"parse(large-int, HEX)",f128,"parse(large-int, HEX)",io,primary,2000,boost::multiprecision::cpp_double_double,no,exact,160,100,Both,-,-,-,-,-,-,109.825,-,-,-,-,-,-,-,no,-,-,-,-,-,-,-,-
IO,"parse(large-int, SCI)",f128,"parse(large-int, SCI)",io,primary,2000,boost::multiprecision::cpp_double_double,yes,exact,160,100,Both,106.002,131.734,100,Both,exact,0,160.4,908.275,5.66256,boost::multiprecision::cpp_double_double,exact,53.9983,0,5.66256,yes,103.943,128.204,99.0285,No,exact,0.97155,162.137,1.01083
IO,"parse(max-exp, DEF)",f128,"parse(max-exp, DEF)",io,primary,2000,boost::multiprecision::cpp_double_double,yes,exact,160,100,Both,106,125.758,100,Both,exact,0,271.2,1186.38,4.37454,boost::multiprecision::cpp_double_double,exact,53.9996,0,4.37454,yes,102.153,102.49,96.548,No,exact,3.45201,171.113,0.630946
IO,"parse(max-exp, FIX)",f128,"parse(max-exp, FIX)",io,primary,2000,boost::multiprecision::cpp_double_double,yes,exact,160,100,Both,106,125.507,100,Both,exact,0,600.438,3761.82,6.26514,boost::multiprecision::cpp_double_double,exact,53.9998,0,6.26514,yes,101.926,106.696,97.3744,No,exact,2.62564,1666.54,2.77554
IO,"parse(max-exp, HEX)",f128,"parse(max-exp, HEX)",io,primary,2000,boost::multiprecision::cpp_double_double,no,exact,160,100,Both,-,-,-,-,-,-,105.963,-,-,-,-,-,-,-,no,-,-,-,-,-,-,-,-
IO,"parse(max-exp, SCI)",f128,"parse(max-exp, SCI)",io,primary,2000,boost::multiprecision::cpp_double_double,yes,exact,160,100,Both,106.001,124.336,100,Both,exact,0,269.5,1175.2,4.36067,boost::multiprecision::cpp_double_double,exact,53.9994,0,4.36067,yes,102.065,102.481,96.521,No,exact,3.47904,178.062,0.660714
IO,"parse(medium, DEF)",f128,"parse(medium, DEF)",io,primary,2000,boost::multiprecision::cpp_double_double,yes,exact,160,100,Both,106,136.466,100,Both,exact,0,213.262,1208.64,5.66737,boost::multiprecision::cpp_double_double,exact,53.9997,0,5.66737,yes,104.25,136.449,99.3673,No,exact,0.632681,191.6,0.898423
IO,"parse(medium, FIX)",f128,"parse(medium, FIX)",io,primary,2000,boost::multiprecision::cpp_double_double,yes,exact,160,100,Both,106.001,137.92,100,Both,exact,0,208.975,864.562,4.13716,boost::multiprecision::cpp_double_double,exact,53.9986,0,4.13716,yes,104.305,137.482,99.3959,No,exact,0.604123,189.95,0.90896
IO,"parse(medium, HEX)",f128,"parse(medium, HEX)",io,primary,2000,boost::multiprecision::cpp_double_double,no,exact,160,100,Both,-,-,-,-,-,-,112.263,-,-,-,-,-,-,-,no,-,-,-,-,-,-,-,-
IO,"parse(medium, SCI)",f128,"parse(medium, SCI)",io,primary,2000,boost::multiprecision::cpp_double_double,yes,exact,160,100,Both,106.001,136.428,100,Both,exact,0,205,854.375,4.16768,qdpp (dd_real),exact,56.2071,0.725073,0.840183,yes,103.793,136.472,99.2749,No,exact,0.725073,172.238,0.840183
IO,"parse(near-zero, DEF)",f128,"parse(near-zero, DEF)",io,primary,2000,boost::multiprecision::cpp_double_double,yes,exact,160,100,Both,106,124.99,100,Both,exact,0,312.188,1109.72,3.55467,boost::multiprecision::cpp_double_double,exact,53.9997,0,3.55467,yes,103.764,123.001,99.0642,No,exact,0.935792,190.375,0.60981
IO,"parse(near-zero, FIX)",f128,"parse(near-zero, FIX)",io,primary,2000,boost::multiprecision::cpp_double_double,yes,exact,160,100,Both,106.007,124.359,100,Both,exact,0,333.4,1253.15,3.7587,boost::multiprecision::cpp_double_double,exact,53.9934,0,3.7587,yes,-0,76.3585,31.913,No,exact,68.087,299.512,0.898358
IO,"parse(near-zero, HEX)",f128,"parse(near-zero, HEX)",io,primary,2000,boost::multiprecision::cpp_double_double,no,exact,160,100,Both,-,-,-,-,-,-,110.65,-,-,-,-,-,-,-,no,-,-,-,-,-,-,-,-
IO,"parse(near-zero, SCI)",f128,"parse(near-zero, SCI)",io,primary,2000,boost::multiprecision::cpp_double_double,yes,exact,160,100,Both,106.003,125.172,100,Both,exact,0,306.975,1098.46,3.57835,boost::multiprecision::cpp_double_double,exact,53.9973,0,3.57835,yes,103.93,123.626,99.1069,No,exact,0.89315,191.262,0.623056
IO,"parse(rnd_prec, DEF, brute-bdr)",f128,"parse(rnd_prec, DEF, brute-bdr)",io,primary,2000,boost::multiprecision::cpp_double_double,yes,156.253,159.993,100,Both,106.005,130.987,100,Both,50.2481,0,193.438,853.35,4.4115,qdpp (dd_real),25.1546,52.2193,0.662933,0.792956,yes,104.034,134.838,99.3371,No,52.2193,0.662933,153.387,0.792956
IO,"parse(rnd_prec, DEF, brute-log)",f128,"parse(rnd_prec, DEF, brute-log)",io,primary,2000,boost::multiprecision::cpp_double_double,yes,exact,160,100,Both,-0,119.522,47.55,Both,exact,52.45,373.975,1118.34,2.99041,boost::multiprecision::cpp_double_double,exact,160,52.45,2.99041,yes,0,104.56,46.4553,No,exact,53.5447,152.65,0.408182
IO,"parse(rnd_prec, DEF, carry-bdr)",f128,"parse(rnd_prec, DEF, carry-bdr)",io,primary,2000,boost::multiprecision::cpp_double_double,yes,156.253,159.983,100,Both,106.034,124.447,100,Both,50.2193,0,196.675,866.188,4.40416,qdpp (dd_real),30.1806,52.2193,0.58764,0.808377,yes,104.034,129.802,99.4124,No,52.2193,0.58764,158.988,0.808377
IO,"parse(rnd_prec, DEF, def-bdr)",f128,"parse(rnd_prec, DEF, def-bdr)",io,primary,2000,boost::multiprecision::cpp_double_double,yes,156.253,159.996,100,Both,106.034,124.509,100,Both,50.2193,0,187.9,843.763,4.49049,qdpp (dd_real),29.3703,52.2193,0.66193,0.791778,yes,104.034,130.626,99.3381,No,52.2193,0.66193,148.775,0.791778
IO,"parse(rnd_prec, DEF, round-bdr)",f128,"parse(rnd_prec, DEF, round-bdr)",io,primary,2000,boost::multiprecision::cpp_double_double,yes,156.253,159.99,100,Both,106.034,125.703,100,Both,50.2193,0,188.375,845.438,4.48806,qdpp (dd_real),29.2207,52.2193,0.729378,0.80292,yes,104.034,130.769,99.2706,No,52.2193,0.729378,151.25,0.80292
IO,"parse(rnd_prec, FIX, brute-bdr)",f128,"parse(rnd_prec, FIX, brute-bdr)",io,primary,2000,boost::multiprecision::cpp_double_double,yes,156.644,159.996,100,Both,106.001,125.481,100,Both,50.6428,0,260.9,1080.59,4.14177,boost::multiprecision::cpp_double_double,34.5156,50.6428,0,4.14177,yes,-0,113.437,46.0052,No,156.644,53.9948,264.712,1.01461
IO,"parse(rnd_prec, FIX, brute-log)",f128,"parse(rnd_prec, FIX, brute-log)",io,primary,2000,boost::multiprecision::cpp_double_double,yes,51.4999,159.918,99.8073,Both,-0,119.211,47.35,Both,51.4999,52.4573,544.65,2153.19,3.95334,boost::multiprecision::cpp_double_double,40.7069,51.4999,52.4573,3.95334,yes,-0,59.2169,25.9317,No,51.4999,73.8756,608.625,1.11746
IO,"parse(rnd_prec, FIX, carry-bdr)",f128,"parse(rnd_prec, FIX, carry-bdr)",io,primary,2000,boost::multiprecision::cpp_double_double,yes,156.644,159.977,100,Both,106.288,118.443,100,Both,50.3561,0,204.475,867.65,4.24331,qdpp (dd_real),37.0467,52.0342,0.629117,0.875168,yes,104.61,122.93,99.3709,No,52.0342,0.629117,178.95,0.875168
IO,"parse(rnd_prec, FIX, def-bdr)",f128,"parse(rnd_prec, FIX, def-bdr)",io,primary,2000,boost::multiprecision::cpp_double_double,yes,156.644,159.974,100,Both,106.288,118.051,100,Both,50.3561,0,208.438,874.9,4.19742,qdpp (dd_real),38.1009,52.0342,0.559441,0.863088,yes,104.61,121.873,99.4406,No,52.0342,0.559441,179.9,0.863088
IO,"parse(rnd_prec, FIX, fixed-frac)",f128,"parse(rnd_prec, FIX, fixed-frac)",io,primary,2000,boost::multiprecision::cpp_double_double,yes,exact,160,100,Both,106,124.884,100,Both,exact,0,312.625,1199.26,3.83611,boost::multiprecision::cpp_double_double,exact,53.9996,0,3.83611,yes,-0,82.3958,33.9362,No,exact,66.0638,263.5,0.842863
IO,"parse(rnd_prec, FIX, fixed-int)",f128,"parse(rnd_prec, FIX, fixed-int)",io,primary,2000,boost::multiprecision::cpp_double_double,yes,exact,160,100,Both,106.001,129.739,100,Both,exact,0,260.1,1229.74,4.72794,boost::multiprecision::cpp_double_double,exact,53.999,0,4.72794,yes,102.598,119.555,98.4098,No,exact,1.59019,447.438,1.72025
IO,"parse(rnd_prec, FIX, round-bdr)",f128,"parse(rnd_prec, FIX, round-bdr)",io,primary,2000,boost::multiprecision::cpp_double_double,yes,156.644,159.981,100,Both,106.288,118.036,100,Both,50.3561,0,204.9,869.475,4.24341,qdpp (dd_real),37.3574,52.0342,0.632354,0.87317,yes,104.61,122.624,99.3676,No,52.0342,0.632354,178.912,0.87317
IO,"parse(rnd_prec, HEX, brute-bdr)",f128,"parse(rnd_prec, HEX, brute-bdr)",io,primary,2000,boost::multiprecision::cpp_double_double,no,exact,160,100,Both,-,-,-,-,-,-,109.65,-,-,-,-,-,-,-,no,-,-,-,-,-,-,-,-
IO,"parse(rnd_prec, HEX, brute-log)",f128,"parse(rnd_prec, HEX, brute-log)",io,primary,2000,boost::multiprecision::cpp_double_double,no,exact,160,100,Both,-,-,-,-,-,-,107.513,-,-,-,-,-,-,-,no,-,-,-,-,-,-,-,-
IO,"parse(rnd_prec, HEX, carry-bdr)",f128,"parse(rnd_prec, HEX, carry-bdr)",io,primary,2000,boost::multiprecision::cpp_double_double,no,exact,160,100,Both,-,-,-,-,-,-,109.5,-,-,-,-,-,-,-,no,-,-,-,-,-,-,-,-
IO,"parse(rnd_prec, HEX, def-bdr)",f128,"parse(rnd_prec, HEX, def-bdr)",io,primary,2000,boost::multiprecision::cpp_double_double,no,exact,160,100,Both,-,-,-,-,-,-,112.412,-,-,-,-,-,-,-,no,-,-,-,-,-,-,-,-
IO,"parse(rnd_prec, HEX, round-bdr)",f128,"parse(rnd_prec, HEX, round-bdr)",io,primary,2000,boost::multiprecision::cpp_double_double,no,exact,160,100,Both,-,-,-,-,-,-,109,-,-,-,-,-,-,-,no,-,-,-,-,-,-,-,-
IO,"parse(rnd_prec, SCI, brute-bdr)",f128,"parse(rnd_prec, SCI, brute-bdr)",io,primary,2000,boost::multiprecision::cpp_double_double,yes,156.253,159.997,100,Both,106.004,124.852,100,Both,50.2494,0,212.55,893.938,4.20578,qdpp (dd_real),31.3452,52.2193,0.64304,0.748765,yes,104.034,128.652,99.357,No,52.2193,0.64304,159.15,0.748765
IO,"parse(rnd_prec, SCI, brute-log)",f128,"parse(rnd_prec, SCI, brute-log)",io,primary,2000,boost::multiprecision::cpp_double_double,yes,103.516,159.944,99.9068,Both,-0,119.137,47.275,Both,103.516,52.6318,399.262,1171.28,2.9336,boost::multiprecision::cpp_double_double,40.8063,103.516,52.6318,2.9336,yes,0,103.386,46.0316,No,103.516,53.8752,178.625,0.447387
IO,"parse(rnd_prec, SCI, carry-bdr)",f128,"parse(rnd_prec, SCI, carry-bdr)",io,primary,2000,boost::multiprecision::cpp_double_double,yes,156.253,159.99,100,Both,106.034,123.282,100,Both,50.2193,0,195.1,859.038,4.40306,qdpp (dd_real),30.8667,51.8631,0.587526,0.814839,yes,104.39,129.124,99.4125,No,51.8631,0.587526,158.975,0.814839
IO,"parse(rnd_prec, SCI, def-bdr)",f128,"parse(rnd_prec, SCI, def-bdr)",io,primary,2000,boost::multiprecision::cpp_double_double,yes,156.253,159.985,100,Both,106.034,123.936,100,Both,50.2193,0,192.775,859.525,4.4587,qdpp (dd_real),31.9081,52.2193,0.654013,0.819544,yes,104.034,128.076,99.346,No,52.2193,0.654013,157.988,0.819544
IO,"parse(rnd_prec, SCI, round-bdr)",f128,"parse(rnd_prec, SCI, round-bdr)",io,primary,2000,boost::multiprecision::cpp_double_double,yes,156.253,159.979,100,Both,106.034,122.629,100,Both,50.2193,0,200.588,869.225,4.3334,qdpp (dd_real),33.0172,52.2193,0.653888,0.798779,yes,104.034,126.962,99.3461,No,52.2193,0.653888,160.225,0.798779
IO,"parse(subnormal, DEF)",f128,"parse(subnormal, DEF)",io,primary,2000,boost::multiprecision::cpp_double_double,yes,43.6028,159.119,99.5972,Both,-0,0,0,Both,43.6028,99.5972,776.462,1072.84,1.3817,qdpp (dd_real),159.066,43.6028,99.5478,0.252427,yes,0,0.0532996,0.0493515,No,43.6028,99.5478,196,0.252427
IO,"parse(subnormal, FIX)",f128,"parse(subnormal, FIX)",io,primary,2000,boost::multiprecision::cpp_double_double,yes,47.1044,159.176,99.6235,Both,-0,0,0,Both,47.1044,99.6235,988.6,2796.18,2.82842,qdpp (dd_real),159.176,47.1044,99.6235,0.44826,yes,-0,0,0,No,47.1044,99.6235,443.15,0.44826
IO,"parse(subnormal, HEX)",f128,"parse(subnormal, HEX)",io,primary,2000,boost::multiprecision::cpp_double_double,no,48.0307,159.889,99.6035,Both,-,-,-,-,-,-,110.963,-,-,-,-,-,-,-,no,-,-,-,-,-,-,-,-
IO,"parse(subnormal, SCI)",f128,"parse(subnormal, SCI)",io,primary,2000,boost::multiprecision::cpp_double_double,yes,43.5101,159.173,99.6305,Both,-0,0,0,Both,43.5101,99.6305,803.138,1067.16,1.32874,qdpp (dd_real),159.04,43.5101,99.5564,0.248416,yes,0,0.132931,0.0740256,No,43.5101,99.5564,199.512,0.248416
IO,"parse(unit, DEF)",f128,"parse(unit, DEF)",io,primary,2000,boost::multiprecision::cpp_double_double,yes,exact,160,100,Both,106.002,126.668,100,Both,exact,0,260.438,966.575,3.71135,qdpp (dd_real),exact,55.9659,0.734016,0.720422,yes,104.034,128.352,99.266,No,exact,0.734016,187.625,0.720422
IO,"parse(unit, FIX)",f128,"parse(unit, FIX)",io,primary,2000,boost::multiprecision::cpp_double_double,yes,exact,160,100,Both,106.006,127.184,100,Both,exact,0,241.137,965.438,4.00368,qdpp (dd_real),exact,55.7179,0.661882,0.800581,yes,104.282,129.34,99.3381,No,exact,0.661882,193.05,0.800581
IO,"parse(unit, HEX)",f128,"parse(unit, HEX)",io,primary,2000,boost::multiprecision::cpp_double_double,no,exact,160,100,Both,-,-,-,-,-,-,114.475,-,-,-,-,-,-,-,no,-,-,-,-,-,-,-,-
IO,"parse(unit, SCI)",f128,"parse(unit, SCI)",io,primary,2000,boost::multiprecision::cpp_double_double,yes,exact,160,100,Both,106.005,126.187,100,Both,exact,0,292.475,975.675,3.33593,qdpp (dd_real),exact,56.07,0.738401,0.640653,yes,103.93,128.598,99.2616,No,exact,0.738401,187.375,0.640653
IO,parse (average),f128,parse (average),io,primary,16000,boost::multiprecision::cpp_double_double,yes,138.021,159.981,99.9643,Both,53.0018,123.198,73.6958,Both,85.0191,26.2684,275.242,1211.78,4.40259,boost::multiprecision::cpp_double_double,36.7826,85.0191,26.2684,4.40259,yes,34.6781,107.348,60.5197,No,103.343,39.4446,252.858,0.918676
Custom operations,round_to_decimals,f128,round_to_decimals,custom,primary,417,boost::multiprecision::cpp_double_double,no,exact,160,100,Both,-,-,-,-,-,-,174.562,-,-,-,-,-,-,-,no,-,-,-,-,-,-,-,-
Custom operations,"pow<T>(1, inside[all])",f128,"pow<T>(1, inside[all])",custom,primary,348,boost::multiprecision::cpp_double_double,yes,exact,160,100,-,exact,160,100,-,0,0,25.2454,70.755,2.80269,qdpp (dd_real),0,0,0,1.11251,yes,exact,160,100,-,0,0,28.0856,1.11251
Custom operations,"pow<T>(2, inside[ldexp])",f128,"pow<T>(2, inside[ldexp])",custom,primary,348,boost::multiprecision::cpp_double_double,yes,exact,160,100,-,exact,160,100,-,0,0,7.10445,70.6707,9.94738,qdpp (dd_real),0,0,0,4.02549,yes,exact,160,100,-,0,0,28.5989,4.02549
Custom operations,"pow<T>(4, inside[ldexp])",f128,"pow<T>(4, inside[ldexp])",custom,primary,354,boost::multiprecision::cpp_double_double,yes,exact,160,100,-,exact,160,100,-,0,0,7.66945,71.0179,9.25985,qdpp (dd_real),exact,160,20.1412,3.61792,yes,0,159.548,79.8588,-,exact,20.1412,27.7474,3.61792
Custom operations,"pow<T>(5, inside[-463,441])",f128,"pow<T>(5, inside[-463,441])",custom,primary,347,boost::multiprecision::cpp_double_double,yes,105.504,157.123,99.9057,-,104.967,143.88,99.5698,-,0.53676,0.335908,15.0436,70.7781,4.70488,boost::multiprecision::cpp_double_double,13.2432,0.53676,0.335908,4.70488,yes,0,132.68,48.2673,-,105.504,51.6383,28.6575,1.90497
Custom operations,"pow<T>(8, inside[ldexp])",f128,"pow<T>(8, inside[ldexp])",custom,primary,342,boost::multiprecision::cpp_double_double,yes,exact,160,100,-,exact,160,100,-,0,0,9.37305,73.3582,7.8265,boost::multiprecision::cpp_double_double,0,0,0,7.8265,yes,0,129.591,40.4971,-,exact,59.5029,28.9537,3.08904
Custom operations,"pow<T>(10, inside[-323,308])",f128,"pow<T>(10, inside[-323,308])",custom,primary,307,boost::multiprecision::cpp_double_double,yes,exact,160,100,-,104.605,144.893,99.4915,-,exact,0.508494,6.86172,67.4339,9.82755,boost::multiprecision::cpp_double_double,exact,55.3951,0.508494,9.82755,yes,0,136.162,48.7835,-,exact,51.2165,27.3691,3.98866
Custom operations,"pow<T>(16, inside[ldexp])",f128,"pow<T>(16, inside[ldexp])",custom,primary,330,boost::multiprecision::cpp_double_double,yes,exact,160,100,-,exact,160,100,-,0,0,10.3767,80.105,7.71972,boost::multiprecision::cpp_double_double,0,0,0,7.71972,yes,0,103.758,32.4242,-,exact,67.5758,29.7043,2.86261
Custom operations,"pow<T>(20, inside[-249,236])",f128,"pow<T>(20, inside[-249,236])",custom,primary,281,boost::multiprecision::cpp_double_double,yes,exact,160,100,-,104.605,145.407,99.4608,-,exact,0.539159,13.6761,62.2799,4.55393,boost::multiprecision::cpp_double_double,exact,55.3951,0.539159,4.55393,yes,0,137.092,48.6155,-,exact,51.3845,25.6856,1.87814
Custom operations,"pow<T>(25, inside[-232,220])",f128,"pow<T>(25, inside[-232,220])",custom,primary,275,boost::multiprecision::cpp_double_double,yes,106.168,157.307,100,-,104.605,142.779,99.4282,-,1.56294,0.571756,15.4487,61.8552,4.00391,boost::multiprecision::cpp_double_double,14.5279,1.56294,0.571756,4.00391,yes,0,133.508,48.5213,-,106.168,51.4787,25.2311,1.63321
Custom operations,"pow<T>(32, inside[ldexp])",f128,"pow<T>(32, inside[ldexp])",custom,primary,326,boost::multiprecision::cpp_double_double,yes,exact,160,100,-,exact,160,100,-,0,0,10.6955,76.4542,7.14823,boost::multiprecision::cpp_double_double,0,0,0,7.14823,yes,0,89.816,28.0675,-,exact,71.9325,30.2745,2.83057
Custom operations,"pow<T>(40, inside[-202,192])",f128,"pow<T>(40, inside[-202,192])",custom,primary,266,boost::multiprecision::cpp_double_double,yes,exact,160,100,-,105.118,144.592,99.6142,-,exact,0.385799,13.7591,60.5608,4.4015,boost::multiprecision::cpp_double_double,exact,54.8819,0.385799,4.4015,yes,0,137.176,48.6011,-,exact,51.3989,24.1995,1.75879
Custom operations,"pow<T>(50, inside[-191,181])",f128,"pow<T>(50, inside[-191,181])",custom,primary,255,boost::multiprecision::cpp_double_double,yes,106.168,158.973,100,-,104.605,142.573,99.5137,-,1.56294,0.486284,14.6951,60.2337,4.09889,boost::multiprecision::cpp_double_double,16.3995,1.56294,0.486284,4.09889,yes,0,132.498,48.3099,-,106.168,51.6901,24.1387,1.64263
Custom operations,"pow<T>(64, inside[ldexp])",f128,"pow<T>(64, inside[ldexp])",custom,primary,318,boost::multiprecision::cpp_double_double,yes,exact,160,100,-,exact,160,100,-,0,0,11.0426,78.0071,7.06418,boost::multiprecision::cpp_double_double,0,0,0,7.06418,yes,0,78.9937,24.6855,-,exact,75.3145,31.0153,2.80869
Custom operations,"pow<T>(80, inside[-171,161])",f128,"pow<T>(80, inside[-171,161])",custom,primary,243,boost::multiprecision::cpp_double_double,yes,exact,160,100,-,105.187,145.494,99.7247,-,exact,0.275335,14.3951,58.9745,4.09684,boost::multiprecision::cpp_double_double,exact,54.8134,0.275335,4.09684,yes,0,137.837,48.5429,-,exact,51.4571,23.4829,1.63131
Custom operations,"pow<T>(100, inside[-162,154])",f128,"pow<T>(100, inside[-162,154])",custom,primary,237,boost::multiprecision::cpp_double_double,yes,exact,160,100,-,104.605,143.39,99.5495,-,exact,0.450503,9.90228,58.5523,5.91301,boost::multiprecision::cpp_double_double,exact,55.3951,0.450503,5.91301,yes,0,134.006,48.6956,-,exact,51.3044,23.5237,2.37558
Custom operations,"pow<T>(125, inside[-155,147])",f128,"pow<T>(125, inside[-155,147])",custom,primary,232,boost::multiprecision::cpp_double_double,yes,105.791,155.895,99.9602,-,103.785,138.366,99.0031,-,2.00624,0.957166,16.0999,58.1025,3.60888,qdpp (dd_real),20.1454,105.791,50.9141,1.47278,yes,0,135.75,49.0462,-,105.791,50.9141,23.7116,1.47278
Custom operations,"pow<T>(128, inside[ldexp])",f128,"pow<T>(128, inside[ldexp])",custom,primary,315,boost::multiprecision::cpp_double_double,yes,exact,160,100,-,exact,160,100,-,0,0,11.5272,79.8104,6.92364,boost::multiprecision::cpp_double_double,0,0,0,6.92364,yes,0,69.0794,21.5873,-,exact,78.4127,31.9058,2.76787
Custom operations,"pow<T>(160, inside[-147,139])",f128,"pow<T>(160, inside[-147,139])",custom,primary,227,boost::multiprecision::cpp_double_double,yes,exact,160,100,-,105.588,148.079,99.9209,-,exact,0.0791465,14.225,58.5038,4.11274,boost::multiprecision::cpp_double_double,exact,54.4124,0.0791465,4.11274,yes,0,140.921,48.9483,-,exact,51.0517,23.8209,1.67457
Custom operations,"pow<T>(200, inside[-141,133])",f128,"pow<T>(200, inside[-141,133])",custom,primary,215,boost::multiprecision::cpp_double_double,yes,exact,160,100,-,104.605,143.4,99.5134,-,exact,0.486607,15.2808,57.9817,3.79441,boost::multiprecision::cpp_double_double,exact,55.3951,0.486607,3.79441,yes,0,135.12,48.6836,-,exact,51.3164,23.7961,1.55725
Custom operations,"pow<T>(250, inside[-135,128])",f128,"pow<T>(250, inside[-135,128])",custom,primary,212,boost::multiprecision::cpp_double_double,yes,105.791,157.512,99.9602,-,104.448,138.878,99.2524,-,1.34366,0.707769,15.6783,57.3662,3.65895,boost::multiprecision::cpp_double_double,18.6339,1.34366,0.707769,3.65895,yes,0,134.591,48.5213,-,105.791,51.4389,23.4111,1.49321
Custom operations,"pow<T>(256, inside[ldexp])",f128,"pow<T>(256, inside[ldexp])",custom,primary,310,boost::multiprecision::cpp_double_double,yes,exact,160,100,-,exact,160,100,-,0,0,11.0534,87.325,7.9003,boost::multiprecision::cpp_double_double,0,0,0,7.9003,yes,0,60.3871,18.871,-,exact,81.129,31.9473,2.89027
Custom operations,"ipow<T>(bases[1,256], finite[-300,300])",f128,"ipow<T>(bases[1,256], finite[-300,300])",custom,primary,82986,boost::multiprecision::cpp_double_double,no,102.069,143.163,98.3551,-,-,-,-,-,-,-,20.8068,-,-,-,-,-,-,-,no,-,-,-,-,-,-,-,-
Custom operations,"pow<T>(3, outside[fallback])",f128,"pow<T>(3, outside[fallback])",custom,primary,346,boost::multiprecision::cpp_double_double,yes,105.145,146.267,99.8061,-,104.581,145.371,99.5617,-,0.563906,0.244402,25.4593,70.1419,2.75506,qdpp (dd_real),-0.100433,0.563906,0.244402,1.0988,yes,104.581,146.367,99.5617,-,0.563906,0.244402,27.9747,1.0988
Custom operations,"pow<T>(6, outside[fallback])",f128,"pow<T>(6, outside[fallback])",custom,primary,344,boost::multiprecision::cpp_double_double,yes,105.145,150.182,99.8375,-,104.581,149.689,99.7286,-,0.563906,0.10889,25.4163,72.3917,2.84824,boost::multiprecision::cpp_double_double,0.492381,0.563906,0.10889,2.84824,yes,0,132.027,44.3277,-,105.145,55.5098,29.6213,1.16545
Custom operations,"pow<T>(7, outside[fallback])",f128,"pow<T>(7, outside[fallback])",custom,primary,341,boost::multiprecision::cpp_double_double,yes,104.15,145.449,99.3237,-,105.058,145.334,99.6059,-,-0.90722,-0.282269,24.6336,72.7746,2.95428,boost::multiprecision::cpp_double_double,0.115477,-0.90722,-0.282269,2.95428,yes,0,119.173,41.6297,-,104.15,57.6939,29.5498,1.19957
Custom operations,"pow<T>(9, outside[fallback])",f128,"pow<T>(9, outside[fallback])",custom,primary,337,boost::multiprecision::cpp_double_double,yes,104.932,149.004,99.7407,-,104.932,148.005,99.732,-,0,0.00867807,23.9123,73.71,3.08251,boost::multiprecision::cpp_double_double,0.998426,0,0.00867807,3.08251,yes,0,113.375,39.016,-,104.932,60.7248,30.4972,1.27537
Custom operations,"pow<T>(10, outside[-323,308])",f128,"pow<T>(10, outside[-323,308])",custom,primary,162,boost::multiprecision::cpp_double_double,yes,exact,160,100,-,exact,160,100,-,0,0,7.1246,90.5501,12.7095,boost::multiprecision::cpp_double_double,0,0,0,12.7095,yes,0,0,0,-,exact,100,35.8055,5.02561
Custom operations,"pow<T>(11, outside[fallback])",f128,"pow<T>(11, outside[fallback])",custom,primary,335,boost::multiprecision::cpp_double_double,yes,103.362,144.381,98.6838,-,103.362,144.148,98.7007,-,0,-0.0169411,22.8173,73.5818,3.22482,boost::multiprecision::cpp_double_double,0.233463,0,-0.0169411,3.22482,yes,0,101.894,36.5665,-,103.362,62.1173,30.7624,1.3482
Custom operations,"pow<T>(12, outside[fallback])",f128,"pow<T>(12, outside[fallback])",custom,primary,335,boost::multiprecision::cpp_double_double,yes,106.029,153.235,100,-,105.601,152.975,99.9242,-,0.4276,0.0758471,22.8328,73.9182,3.23737,boost::multiprecision::cpp_double_double,0.259762,0.4276,0.0758471,3.23737,yes,0,108.324,35.9696,-,106.029,64.0304,30.6548,1.34258
Custom operations,"pow<T>(13, outside[fallback])",f128,"pow<T>(13, outside[fallback])",custom,primary,332,boost::multiprecision::cpp_double_double,yes,102.321,142.873,97.9535,-,102.465,142.492,98.0147,-,-0.143793,-0.0611952,22.4338,74.1006,3.30308,boost::multiprecision::cpp_double_double,0.381355,-0.143793,-0.0611952,3.30308,yes,0,94.6713,34.6028,-,102.321,63.3507,30.7799,1.37203
Custom operations,"pow<T>(14, outside[fallback])",f128,"pow<T>(14, outside[fallback])",custom,primary,329,boost::multiprecision::cpp_double_double,yes,104.15,148.638,99.3253,-,105.058,149.108,99.6123,-,-0.90722,-0.286968,22.1933,79.4231,3.5787,boost::multiprecision::cpp_double_double,-0.470245,-0.90722,-0.286968,3.5787,yes,0,97.4302,33.7289,-,104.15,65.5964,30.4501,1.37204
Custom operations,"pow<T>(15, outside[fallback])",f128,"pow<T>(15, outside[fallback])",custom,primary,329,boost::multiprecision::cpp_double_double,yes,102.518,144.135,98.0744,-,102.377,144.047,98.0218,-,0.141356,0.0525475,22.1621,79.9217,3.60623,boost::multiprecision::cpp_double_double,0.0879549,0.141356,0.0525475,3.60623,yes,0,90.1515,32.8341,-,102.518,65.2403,30.5238,1.3773
Custom operations,"pow<T>(17, outside[fallback])",f128,"pow<T>(17, outside[fallback])",custom,primary,327,boost::multiprecision::cpp_double_double,yes,105.116,148.427,99.6345,-,104.695,147.792,99.5241,-,0.421682,0.110402,20.9548,81.2214,3.87604,boost::multiprecision::cpp_double_double,0.635563,0.421682,0.110402,3.87604,yes,0,89.8695,31.7925,-,105.116,67.842,30.7719,1.46849
Custom operations,"pow<T>(18, outside[fallback])",f128,"pow<T>(18, outside[fallback])",custom,primary,327,boost::multiprecision::cpp_double_double,yes,104.932,151.43,99.7641,-,104.932,150.615,99.764,-,0,7.56844e-05,21.1796,82.1067,3.87669,boost::multiprecision::cpp_double_double,0.815462,0,7.56844e-05,3.87669,yes,0,91.7193,31.4958,-,104.932,68.2683,32.6324,1.54075
Custom operations,"pow<T>(19, outside[fallback])",f128,"pow<T>(19, outside[fallback])",custom,primary,328,boost::multiprecision::cpp_double_double,yes,105.181,148.419,99.6994,-,103.893,145.276,99.0098,-,1.28813,0.689535,21.8123,79.9162,3.66382,boost::multiprecision::cpp_double_double,3.14252,1.28813,0.689535,3.66382,yes,0,88.2433,31.2422,-,105.181,68.4572,31.0001,1.42122
Custom operations,"pow<T>(21, outside[fallback])",f128,"pow<T>(21, outside[fallback])",custom,primary,327,boost::multiprecision::cpp_double_double,yes,105.841,152.764,99.9697,-,105.233,151.484,99.6964,-,0.607683,0.27335,24.8205,77.9503,3.14057,boost::multiprecision::cpp_double_double,1.27926,0.607683,0.27335,3.14057,yes,0,90.2714,30.5775,-,105.841,69.3922,31.317,1.26174
Custom operations,"pow<T>(22, outside[fallback])",f128,"pow<T>(22, outside[fallback])",custom,primary,325,boost::multiprecision::cpp_double_double,yes,103.798,147.537,98.9477,-,103.798,147.315,98.962,-,0,-0.0142335,20.5166,77.6246,3.7835,boost::multiprecision::cpp_double_double,0.221752,0,-0.0142335,3.7835,yes,0,84.0443,30.0658,-,103.798,68.8819,31.3523,1.52814
Custom operations,"pow<T>(23, outside[fallback])",f128,"pow<T>(23, outside[fallback])",custom,primary,326,boost::multiprecision::cpp_double_double,yes,103.887,146.895,98.9729,-,103.767,146.636,98.949,-,0.119156,0.0239295,20.3242,76.9664,3.78693,boost::multiprecision::cpp_double_double,0.259157,0.119156,0.0239295,3.78693,yes,0,83.0886,29.9583,-,103.887,69.0147,31.1129,1.53083
Custom operations,"pow<T>(24, outside[fallback])",f128,"pow<T>(24, outside[fallback])",custom,primary,326,boost::multiprecision::cpp_double_double,yes,106.029,155.326,100,-,105.601,154.755,99.9241,-,0.4276,0.0758626,20.4032,76.8776,3.76792,boost::multiprecision::cpp_double_double,0.570987,0.4276,0.0758626,3.76792,yes,0,90.6903,29.9074,-,106.029,70.0926,31.458,1.54182
Custom operations,"pow<T>(26, outside[fallback])",f128,"pow<T>(26, outside[fallback])",custom,primary,325,boost::multiprecision::cpp_double_double,yes,102.852,146.392,98.2945,-,102.872,146.034,98.3078,-,-0.019947,-0.0132784,20.2317,78.8758,3.89862,boost::multiprecision::cpp_double_double,0.358526,-0.019947,-0.0132784,3.89862,yes,0,79.9221,28.9966,-,102.852,69.2979,31.2447,1.54434
Custom operations,"pow<T>(27, outside[fallback])",f128,"pow<T>(27, outside[fallback])",custom,primary,324,boost::multiprecision::cpp_double_double,yes,104.39,148.8,99.2387,-,103.959,148.816,99.1657,-,0.430191,0.0730387,19.9407,76.8439,3.85361,boost::multiprecision::cpp_double_double,-0.0169327,0.430191,0.0730387,3.85361,yes,0,81.9965,28.9708,-,104.39,70.268,31.0432,1.55677
Custom operations,"pow<T>(28, outside[fallback])",f128,"pow<T>(28, outside[fallback])",custom,primary,325,boost::multiprecision::cpp_double_double,yes,104.828,151.646,99.5535,-,105.058,151.797,99.6126,-,-0.22942,-0.0590509,20.2466,76.8779,3.79709,boost::multiprecision::cpp_double_double,-0.150814,-0.22942,-0.0590509,3.79709,yes,0,85.1877,29.069,-,104.828,70.4845,31.1212,1.53711
Custom operations,"pow<T>(29, outside[fallback])",f128,"pow<T>(29, outside[fallback])",custom,primary,324,boost::multiprecision::cpp_double_double,yes,105.085,149.951,99.6307,-,105.023,149.874,99.6128,-,0.0618483,0.0178889,20.0151,76.9867,3.84644,boost::multiprecision::cpp_double_double,0.0775238,0.0618483,0.0178889,3.84644,yes,0,81.6236,28.6924,-,105.085,70.9383,31.0172,1.54969
Custom operations,"pow<T>(30, outside[fallback])",f128,"pow<T>(30, outside[fallback])",custom,primary,323,boost::multiprecision::cpp_double_double,yes,102.87,147.919,98.3653,-,102.93,147.818,98.3836,-,-0.0595547,-0.0182657,20.4898,76.9743,3.75672,boost::multiprecision::cpp_double_double,0.101578,-0.0595547,-0.0182657,3.75672,yes,0,79.064,28.2916,-,102.87,70.0737,31.214,1.5234
Custom operations,"pow<T>(31, outside[fallback])",f128,"pow<T>(31, outside[fallback])",custom,primary,325,boost::multiprecision::cpp_double_double,yes,104.46,148.939,99.2531,-,104.563,148.948,99.2978,-,-0.102641,-0.0447339,19.7358,76.7751,3.89015,boost::multiprecision::cpp_double_double,-0.00987058,-0.102641,-0.0447339,3.89015,yes,0,79.6958,28.2507,-,104.46,71.0024,31.0619,1.57389
Custom operations,"pow<T>(33, outside[fallback])",f128,"pow<T>(33, outside[fallback])",custom,primary,322,boost::multiprecision::cpp_double_double,yes,103.354,147.674,98.6995,-,102.823,147.342,98.3183,-,0.530515,0.381212,19.719,77.0251,3.90614,boost::multiprecision::cpp_double_double,0.331262,0.530515,0.381212,3.90614,yes,0,76.2921,27.5118,-,103.354,71.1877,31.153,1.57985
Custom operations,"pow<T>(34, outside[fallback])",f128,"pow<T>(34, outside[fallback])",custom,primary,323,boost::multiprecision::cpp_double_double,yes,105.181,151.286,99.7519,-,105.181,150.487,99.671,-,0,0.0809629,19.5998,76.954,3.92627,boost::multiprecision::cpp_double_double,0.798642,0,0.0809629,3.92627,yes,0,78.9598,27.5481,-,105.181,72.2038,31.2722,1.59554
Custom operations,"pow<T>(35, outside[fallback])",f128,"pow<T>(35, outside[fallback])",custom,primary,322,boost::multiprecision::cpp_double_double,yes,103.981,150.098,99.1627,-,103.981,149.759,99.1469,-,0,0.0158143,19.9726,77.6339,3.88703,boost::multiprecision::cpp_double_double,0.339242,0,0.0158143,3.88703,yes,0,76.3998,26.9796,-,103.981,72.183,31.24,1.56414
Custom operations,"pow<T>(36, outside[fallback])",f128,"pow<T>(36, outside[fallback])",custom,primary,321,boost::multiprecision::cpp_double_double,yes,105.887,153.905,99.9786,-,105.887,153.266,99.9786,-,0,0,19.5512,77.6509,3.97167,boost::multiprecision::cpp_double_double,0.639501,0,0,3.97167,yes,0,79.3051,26.7911,-,105.887,73.1874,31.53,1.61269
Custom operations,"pow<T>(37, outside[fallback])",f128,"pow<T>(37, outside[fallback])",custom,primary,321,boost::multiprecision::cpp_double_double,yes,105.083,151.043,99.7087,-,104.103,149.396,99.1822,-,0.980696,0.526509,19.5247,77.8865,3.98912,boost::multiprecision::cpp_double_double,1.64769,0.980696,0.526509,3.98912,yes,0,77.2863,26.7877,-,105.083,72.921,31.3442,1.60536
Custom operations,"pow<T>(38, outside[fallback])",f128,"pow<T>(38, outside[fallback])",custom,primary,321,boost::multiprecision::cpp_double_double,yes,105.346,151.026,99.8361,-,104.346,148.726,99.233,-,1,0.603098,19.4962,77.7902,3.99001,boost::multiprecision::cpp_double_double,2.3007,1,0.603098,3.99001,yes,0,76.4309,26.6345,-,105.346,73.2016,31.2804,1.60443
Custom operations,"pow<T>(39, outside[fallback])",f128,"pow<T>(39, outside[fallback])",custom,primary,320,boost::multiprecision::cpp_double_double,yes,103.627,147.962,98.8252,-,103.626,147.966,98.801,-,0.00165635,0.0242024,19.1428,77.8557,4.06709,boost::multiprecision::cpp_double_double,-0.00376313,0.00165635,0.0242024,4.06709,yes,0,73.1344,26.4423,-,103.627,72.3829,31.28,1.63403
Custom operations,"pow<T>(41, outside[fallback])",f128,"pow<T>(41, outside[fallback])",custom,primary,320,boost::multiprecision::cpp_double_double,yes,105.61,152.197,99.8976,-,105.199,151.903,99.7945,-,0.41101,0.103072,18.976,77.7288,4.09617,boost::multiprecision::cpp_double_double,0.294596,0.41101,0.103072,4.09617,yes,0,76.3729,26.4036,-,105.61,73.494,31.3542,1.65231
Custom operations,"pow<T>(42, outside[fallback])",f128,"pow<T>(42, outside[fallback])",custom,primary,320,boost::multiprecision::cpp_double_double,yes,106.086,154.26,100,-,105.148,153.911,99.7865,-,0.938286,0.213476,18.9433,77.8227,4.10818,boost::multiprecision::cpp_double_double,0.349559,0.938286,0.213476,4.10818,yes,0,79.0572,26.4035,-,106.086,73.5965,31.3738,1.65619
Custom operations,"pow<T>(43, outside[fallback])",f128,"pow<T>(43, outside[fallback])",custom,primary,320,boost::multiprecision::cpp_double_double,yes,104.848,149.254,99.4533,-,104.848,149.008,99.46,-,0,-0.00673359,18.7965,77.7593,4.1369,boost::multiprecision::cpp_double_double,0.246244,0,-0.00673359,4.1369,yes,0,73.7528,26.3775,-,104.848,73.0758,31.242,1.66212
Custom operations,"pow<T>(44, outside[fallback])",f128,"pow<T>(44, outside[fallback])",custom,primary,320,boost::multiprecision::cpp_double_double,yes,104.026,150.129,99.1407,-,104.376,149.999,99.2227,-,-0.349512,-0.0819998,19.0015,77.8478,4.09693,boost::multiprecision::cpp_double_double,0.130186,-0.349512,-0.0819998,4.09693,yes,0,74.1455,26.2011,-,104.026,72.9396,31.3272,1.64867
Custom operations,"pow<T>(45, outside[fallback])",f128,"pow<T>(45, outside[fallback])",custom,primary,320,boost::multiprecision::cpp_double_double,yes,104.485,149.344,99.3224,-,104.485,149.1,99.3428,-,0,-0.0204657,19.22,77.7303,4.04424,boost::multiprecision::cpp_double_double,0.244832,0,-0.0204657,4.04424,yes,0,72.6756,26.0505,-,104.485,73.2719,31.381,1.63273
Custom operations,"pow<T>(46, outside[fallback])",f128,"pow<T>(46, outside[fallback])",custom,primary,319,boost::multiprecision::cpp_double_double,yes,104.024,149.238,99.08,-,104.185,149.065,99.1526,-,-0.160847,-0.0726231,18.7031,77.673,4.15294,boost::multiprecision::cpp_double_double,0.173332,-0.160847,-0.0726231,4.15294,yes,0,71.9959,25.8001,-,104.024,73.2799,31.501,1.68426
Custom operations,"pow<T>(47, outside[fallback])",f128,"pow<T>(47, outside[fallback])",custom,primary,319,boost::multiprecision::cpp_double_double,yes,105.49,154.186,99.9027,-,105.433,153.431,99.8125,-,0.0569757,0.0902475,18.6938,77.6758,4.15517,boost::multiprecision::cpp_double_double,0.75484,0.0569757,0.0902475,4.15517,yes,0,77.2684,25.8613,-,105.49,74.0415,31.4413,1.68191
Custom operations,"pow<T>(48, outside[fallback])",f128,"pow<T>(48, outside[fallback])",custom,primary,320,boost::multiprecision::cpp_double_double,yes,106.029,157.198,100,-,106.029,157.046,100,-,0,0,19.1467,78.2045,4.0845,boost::multiprecision::cpp_double_double,0.15265,0,0,4.0845,yes,0,79.1864,25.625,-,106.029,74.375,31.6133,1.65111
Custom operations,"pow<T>(49, outside[fallback])",f128,"pow<T>(49, outside[fallback])",custom,primary,320,boost::multiprecision::cpp_double_double,yes,104.657,150.522,99.4871,-,104.951,150.39,99.6739,-,-0.294197,-0.186724,18.7072,78.134,4.17669,boost::multiprecision::cpp_double_double,0.131839,-0.294197,-0.186724,4.17669,yes,0,72.5401,25.6208,-,104.657,73.8664,31.638,1.69122
Custom operations,"pow<T>(51, outside[fallback])",f128,"pow<T>(51, outside[fallback])",custom,primary,319,boost::multiprecision::cpp_double_double,yes,104.8,150.761,99.5491,-,104.8,150.464,99.5647,-,0,-0.0155743,18.7249,78.4996,4.19224,boost::multiprecision::cpp_double_double,0.297078,0,-0.0155743,4.19224,yes,0,71.8446,25.3776,-,104.8,74.1715,31.7999,1.69827
Custom operations,"pow<T>(52, outside[fallback])",f128,"pow<T>(52, outside[fallback])",custom,primary,319,boost::multiprecision::cpp_double_double,yes,103.012,149.011,98.4721,-,103.057,148.745,98.4919,-,-0.0449787,-0.0198103,19.2692,78.4624,4.0719,boost::multiprecision::cpp_double_double,0.265661,-0.0449787,-0.0198103,4.0719,yes,0,70.2552,25.2312,-,103.012,73.2409,31.6531,1.64267
Custom operations,"pow<T>(53, outside[fallback])",f128,"pow<T>(53, outside[fallback])",custom,primary,318,boost::multiprecision::cpp_double_double,yes,102.123,148.297,97.982,-,102.123,148.226,97.9891,-,0,-0.0070516,18.6893,77.9948,4.17324,boost::multiprecision::cpp_double_double,0.0710293,0,-0.0070516,4.17324,yes,0,68.9707,24.9199,-,102.123,73.0621,31.5594,1.68863
Custom operations,"pow<T>(54, outside[fallback])",f128,"pow<T>(54, outside[fallback])",custom,primary,319,boost::multiprecision::cpp_double_double,yes,104.717,151.205,99.4201,-,104.371,151.142,99.3858,-,0.345875,0.0342785,18.8114,79.5268,4.22758,boost::multiprecision::cpp_double_double,0.0627316,0.345875,0.0342785,4.22758,yes,0,71.6383,25.052,-,104.717,74.3681,32.1039,1.70662
Custom operations,"pow<T>(55, outside[fallback])",f128,"pow<T>(55, outside[fallback])",custom,primary,319,boost::multiprecision::cpp_double_double,yes,104.522,151.066,99.3625,-,103.846,149.561,99.191,-,0.676002,0.171568,19.1301,79.352,4.14802,boost::multiprecision::cpp_double_double,1.50492,0.676002,0.171568,4.14802,yes,0,71.1518,25.0553,-,104.522,74.3072,32.2187,1.68419
Custom operations,"pow<T>(56, outside[fallback])",f128,"pow<T>(56, outside[fallback])",custom,primary,319,boost::multiprecision::cpp_double_double,yes,104.828,153.67,99.5721,-,105.058,153.586,99.6166,-,-0.22942,-0.044416,19.2666,79.7423,4.13889,boost::multiprecision::cpp_double_double,0.0835239,-0.22942,-0.044416,4.13889,yes,0,74.0891,25.073,-,104.828,74.4992,32.4867,1.68617
Custom operations,"pow<T>(57, outside[fallback])",f128,"pow<T>(57, outside[fallback])",custom,primary,318,boost::multiprecision::cpp_double_double,yes,103.358,149.238,98.6987,-,105.445,152.916,99.7898,-,-2.08715,-1.09111,18.9239,79.5546,4.20392,boost::multiprecision::cpp_double_double,-3.67804,-2.08715,-1.09111,4.20392,yes,0,69.2392,24.8775,-,103.358,73.8212,32.0906,1.69577
Custom operations,"pow<T>(58, outside[fallback])",f128,"pow<T>(58, outside[fallback])",custom,primary,318,boost::multiprecision::cpp_double_double,yes,105.085,151.279,99.6694,-,105.023,151.109,99.6768,-,0.0618483,-0.00742168,20.8264,86.4887,4.15284,boost::multiprecision::cpp_double_double,0.169731,0.0618483,-0.00742168,4.15284,yes,0,71.0949,24.9901,-,105.085,74.6793,32.6646,1.56842
Custom operations,"pow<T>(59, outside[fallback])",f128,"pow<T>(59, outside[fallback])",custom,primary,318,boost::multiprecision::cpp_double_double,yes,103.701,150.095,99.0084,-,103.701,149.503,99.0077,-,0,0.000647051,19.0804,79.4498,4.16395,boost::multiprecision::cpp_double_double,0.591803,0,0.000647051,4.16395,yes,0,69.7449,24.9387,-,103.701,74.0696,34.434,1.80468
Custom operations,"pow<T>(60, outside[fallback])",f128,"pow<T>(60, outside[fallback])",custom,primary,317,boost::multiprecision::cpp_double_double,yes,103.271,150.218,98.6005,-,103.271,150.178,98.6072,-,0,-0.00672562,19.9291,79.7836,4.00336,boost::multiprecision::cpp_double_double,0.0393802,0,-0.00672562,4.00336,yes,0,69.9637,24.7911,-,103.271,73.8094,32.3915,1.62533
Custom operations,"pow<T>(61, outside[fallback])",f128,"pow<T>(61, outside[fallback])",custom,primary,318,boost::multiprecision::cpp_double_double,yes,104.596,149.308,99.3319,-,104.808,149.664,99.5607,-,-0.211934,-0.228749,19.0259,79.5309,4.18014,boost::multiprecision::cpp_double_double,-0.355957,-0.211934,-0.228749,4.18014,yes,0,68.8103,24.8047,-,104.596,74.5273,32.2308,1.69405
Custom operations,"pow<T>(62, outside[fallback])",f128,"pow<T>(62, outside[fallback])",custom,primary,317,boost::multiprecision::cpp_double_double,yes,104.628,151.448,99.3583,-,104.628,151.379,99.3696,-,0,-0.0112867,18.9638,79.141,4.17327,boost::multiprecision::cpp_double_double,0.0694464,0,-0.0112867,4.17327,yes,0,70.36,24.5744,-,104.628,74.7839,32.1433,1.69499
Custom operations,"pow<T>(63, outside[fallback])",f128,"pow<T>(63, outside[fallback])",custom,primary,317,boost::multiprecision::cpp_double_double,yes,105.433,153.318,99.8914,-,104.117,151.949,99.2465,-,1.31577,0.644838,18.8993,79.3811,4.20022,boost::multiprecision::cpp_double_double,1.36927,1.31577,0.644838,4.20022,yes,0,71.6986,24.5993,-,105.433,75.2921,32.0005,1.69321
Custom operations,"pow<T>(65, outside[fallback])",f128,"pow<T>(65, outside[fallback])",custom,primary,316,boost::multiprecision::cpp_double_double,yes,103.376,149.391,98.7327,-,103.343,149.149,98.7097,-,0.0331669,0.0229577,19.267,80.1648,4.16074,boost::multiprecision::cpp_double_double,0.241815,0.0331669,0.0229577,4.16074,yes,0,67.8655,24.419,-,103.376,74.3137,32.8869,1.70691
Custom operations,"pow<T>(66, outside[fallback])",f128,"pow<T>(66, outside[fallback])",custom,primary,315,boost::multiprecision::cpp_double_double,yes,103.758,150.085,98.9599,-,103.056,149.883,98.5409,-,0.701506,0.418918,19.0396,80.313,4.2182,boost::multiprecision::cpp_double_double,0.201285,0.701506,0.418918,4.2182,yes,0,67.9731,24.2077,-,103.758,74.7522,32.7977,1.7226
Custom operations,"pow<T>(67, outside[fallback])",f128,"pow<T>(67, outside[fallback])",custom,primary,315,boost::multiprecision::cpp_double_double,yes,105.468,152.889,99.8532,-,105.08,152.442,99.6978,-,0.388017,0.155374,18.7557,80.4001,4.28671,boost::multiprecision::cpp_double_double,0.446619,0.388017,0.155374,4.28671,yes,0,69.7613,24.1229,-,105.468,75.7303,33.1117,1.76542
Custom operations,"pow<T>(68, outside[fallback])",f128,"pow<T>(68, outside[fallback])",custom,primary,315,boost::multiprecision::cpp_double_double,yes,105.682,153.27,99.9372,-,105.335,152.715,99.8146,-,0.346879,0.122543,19.1234,80.3908,4.20378,boost::multiprecision::cpp_double_double,0.554933,0.346879,0.122543,4.20378,yes,0,70.1391,24.1248,-,105.682,75.8123,33.1882,1.73547
Custom operations,"pow<T>(69, outside[fallback])",f128,"pow<T>(69, outside[fallback])",custom,primary,315,boost::multiprecision::cpp_double_double,yes,104.918,151.645,99.5476,-,104.678,151.149,99.4605,-,0.240119,0.0871571,18.9576,80.5551,4.24922,boost::multiprecision::cpp_double_double,0.496455,0.240119,0.0871571,4.24922,yes,0,67.9931,23.948,-,104.918,75.5996,33.1505,1.74866
Custom operations,"pow<T>(70, outside[fallback])",f128,"pow<T>(70, outside[fallback])",custom,primary,315,boost::multiprecision::cpp_double_double,yes,104.48,152.492,99.3426,-,104.48,152.41,99.3876,-,0,-0.0449665,19.5627,80.7872,4.12965,boost::multiprecision::cpp_double_double,0.0815856,0,-0.0449665,4.12965,yes,0,69.191,23.945,-,104.48,75.3976,33.2693,1.70065
Custom operations,"pow<T>(71, outside[fallback])",f128,"pow<T>(71, outside[fallback])",custom,primary,316,boost::multiprecision::cpp_double_double,yes,105.13,153.774,99.8215,-,105.13,153.374,99.7858,-,0,0.0356719,19.0435,81.051,4.2561,boost::multiprecision::cpp_double_double,0.400774,0,0.0356719,4.2561,yes,0,70.0476,23.8894,-,105.13,75.932,33.1464,1.74056
Custom operations,"pow<T>(72, outside[fallback])",f128,"pow<T>(72, outside[fallback])",custom,primary,316,boost::multiprecision::cpp_double_double,yes,106.188,155.144,100,-,106.202,154.918,100,-,-0.0135249,0,19.2818,79.3069,4.11304,boost::multiprecision::cpp_double_double,0.226588,-0.0135249,0,4.11304,yes,0,71.0898,23.7342,-,106.188,76.2658,32.2452,1.67231
Custom operations,"pow<T>(73, outside[fallback])",f128,"pow<T>(73, outside[fallback])",custom,primary,316,boost::multiprecision::cpp_double_double,yes,104.026,150.544,99.1457,-,104.582,152.409,99.3417,-,-0.555161,-0.195994,18.6449,79.0296,4.23867,boost::multiprecision::cpp_double_double,-1.86529,-0.555161,-0.195994,4.23867,yes,0,66.3069,23.6852,-,104.026,75.4605,32.2212,1.72815
Custom operations,"pow<T>(74, outside[fallback])",f128,"pow<T>(74, outside[fallback])",custom,primary,316,boost::multiprecision::cpp_double_double,yes,105.083,152.607,99.7458,-,104.624,151.586,99.4253,-,0.459679,0.320537,18.6666,78.9594,4.23,boost::multiprecision::cpp_double_double,1.02058,0.459679,0.320537,4.23,yes,0,68.9032,23.7327,-,105.083,76.0132,32.2228,1.72623
Custom operations,"pow<T>(75, outside[fallback])",f128,"pow<T>(75, outside[fallback])",custom,primary,316,boost::multiprecision::cpp_double_double,yes,104.484,151.445,99.417,-,104.424,151.047,99.3095,-,0.0593682,0.10749,19.6224,78.8186,4.01676,boost::multiprecision::cpp_double_double,0.39853,0.0593682,0.10749,4.01676,yes,0,67.2429,23.7005,-,104.484,75.7166,32.2017,1.64106
Custom operations,"pow<T>(76, outside[fallback])",f128,"pow<T>(76, outside[fallback])",custom,primary,315,boost::multiprecision::cpp_double_double,yes,105.47,152.9,99.8985,-,104.579,151.227,99.3369,-,0.890215,0.561559,18.8648,78.9475,4.18491,boost::multiprecision::cpp_double_double,1.67254,0.890215,0.561559,4.18491,yes,0,68.0778,23.4914,-,105.47,76.407,32.2043,1.70711
Custom operations,"pow<T>(77, outside[fallback])",f128,"pow<T>(77, outside[fallback])",custom,primary,315,boost::multiprecision::cpp_double_double,yes,105.145,152.706,99.631,-,104.558,151.047,99.4327,-,0.586917,0.198278,18.6462,79.1196,4.24321,boost::multiprecision::cpp_double_double,1.65891,0.586917,0.198278,4.24321,yes,0,67.5405,23.4829,-,105.145,76.1481,32.2443,1.72927
Custom operations,"pow<T>(78, outside[fallback])",f128,"pow<T>(78, outside[fallback])",custom,primary,314,boost::multiprecision::cpp_double_double,yes,103.874,150.242,98.9801,-,103.857,150.311,98.981,-,0.0174757,-0.000914318,18.5285,78.6624,4.24548,boost::multiprecision::cpp_double_double,-0.0690656,0.0174757,-0.000914318,4.24548,yes,0,65.3217,23.3322,-,103.874,75.648,32.1944,1.73756
Custom operations,"pow<T>(79, outside[fallback])",f128,"pow<T>(79, outside[fallback])",custom,primary,314,boost::multiprecision::cpp_double_double,yes,104.168,150.677,99.2258,-,104.175,150.642,99.188,-,-0.00638616,0.0378402,18.3552,78.7571,4.29073,boost::multiprecision::cpp_double_double,0.0349957,-0.00638616,0.0378402,4.29073,yes,0,65.7402,23.3651,-,104.168,75.8607,32.1664,1.75244
Custom operations,"pow<T>(81, outside[fallback])",f128,"pow<T>(81, outside[fallback])",custom,primary,315,boost::multiprecision::cpp_double_double,yes,105.218,153.956,99.832,-,105.245,154.051,99.832,-,-0.0270499,3.47618e-05,18.423,79.0744,4.29215,boost::multiprecision::cpp_double_double,-0.0944901,-0.0270499,3.47618e-05,4.29215,yes,0,69.451,23.4902,-,105.218,76.3418,32.3555,1.75625
Custom operations,"pow<T>(82, outside[fallback])",f128,"pow<T>(82, outside[fallback])",custom,primary,315,boost::multiprecision::cpp_double_double,yes,105.61,153.423,99.8984,-,105.604,153.54,99.8972,-,0.00572806,0.00125149,18.5672,79.4754,4.28042,boost::multiprecision::cpp_double_double,-0.117074,0.00572806,0.00125149,4.28042,yes,0,68.4286,23.4896,-,105.61,76.4089,32.5233,1.75165
Custom operations,"pow<T>(83, outside[fallback])",f128,"pow<T>(83, outside[fallback])",custom,primary,314,boost::multiprecision::cpp_double_double,yes,104.096,150.019,99.242,-,104.545,150.354,99.4387,-,-0.449257,-0.196691,18.2497,78.8224,4.31911,boost::multiprecision::cpp_double_double,-0.335116,-0.449257,-0.196691,4.31911,yes,0,64.5809,23.2164,-,104.096,76.0256,32.1189,1.75997
Custom operations,"pow<T>(84, outside[fallback])",f128,"pow<T>(84, outside[fallback])",custom,primary,314,boost::multiprecision::cpp_double_double,yes,106.255,155.493,100,-,105.455,155.24,99.876,-,0.799747,0.123974,18.5407,84.6121,4.56359,boost::multiprecision::cpp_double_double,0.253871,0.799747,0.123974,4.56359,yes,0,70.2064,23.2469,-,106.255,76.7531,32.1134,1.73205
Custom operations,"pow<T>(85, outside[fallback])",f128,"pow<T>(85, outside[fallback])",custom,primary,315,boost::multiprecision::cpp_double_double,yes,104.308,151.96,99.3304,-,104.308,151.962,99.4189,-,0,-0.0884645,18.8535,79.1176,4.19645,boost::multiprecision::cpp_double_double,-0.00208332,0,-0.0884645,4.19645,yes,0,66.9799,23.3122,-,104.308,76.0182,32.1541,1.70548
Custom operations,"pow<T>(86, outside[fallback])",f128,"pow<T>(86, outside[fallback])",custom,primary,315,boost::multiprecision::cpp_double_double,yes,105.021,151.524,99.5781,-,105.119,151.346,99.6462,-,-0.0982686,-0.0681023,18.5373,79.066,4.26522,boost::multiprecision::cpp_double_double,0.177478,-0.0982686,-0.0681023,4.26522,yes,0,66.2039,23.32,-,105.021,76.2582,32.4253,1.74919
Custom operations,"pow<T>(87, outside[fallback])",f128,"pow<T>(87, outside[fallback])",custom,primary,315,boost::multiprecision::cpp_double_double,yes,103.462,150.393,98.7569,-,103.462,150.089,98.7573,-,0,-0.000393882,18.4585,79.7842,4.32235,boost::multiprecision::cpp_double_double,0.303694,0,-0.000393882,4.32235,yes,0,64.3847,23.0765,-,103.462,75.6804,32.7171,1.77246
Custom operations,"pow<T>(88, outside[fallback])",f128,"pow<T>(88, outside[fallback])",custom,primary,315,boost::multiprecision::cpp_double_double,yes,104.026,152.591,99.2655,-,104.42,152.499,99.3425,-,-0.39402,-0.0769715,18.758,79.3304,4.22915,boost::multiprecision::cpp_double_double,0.0920041,-0.39402,-0.0769715,4.22915,yes,0,66.7563,23.1441,-,104.026,76.1214,32.2285,1.71812
Custom operations,"pow<T>(89, outside[fallback])",f128,"pow<T>(89, outside[fallback])",custom,primary,315,boost::multiprecision::cpp_double_double,yes,103.578,149.886,98.7904,-,103.578,149.676,98.7865,-,0,0.0038665,18.3885,78.9926,4.29575,boost::multiprecision::cpp_double_double,0.210078,0,0.0038665,4.29575,yes,0,64.0345,23.0734,-,103.578,75.717,32.0985,1.74557
Custom operations,"pow<T>(90, outside[fallback])",f128,"pow<T>(90, outside[fallback])",custom,primary,315,boost::multiprecision::cpp_double_double,yes,104.766,151.449,99.4745,-,104.766,151.259,99.5098,-,0,-0.035236,18.8761,79.0575,4.18822,boost::multiprecision::cpp_double_double,0.189748,0,-0.035236,4.18822,yes,0,65.1007,22.9923,-,104.766,76.4822,31.9637,1.69334
Custom operations,"pow<T>(91, outside[fallback])",f128,"pow<T>(91, outside[fallback])",custom,primary,315,boost::multiprecision::cpp_double_double,yes,103.554,150.586,98.854,-,103.476,150.208,98.8578,-,0.0780025,-0.00377107,18.2082,79.3128,4.35588,boost::multiprecision::cpp_double_double,0.377691,0.0780025,-0.00377107,4.35588,yes,0,64.0728,22.934,-,103.554,75.92,31.9427,1.7543
Custom operations,"pow<T>(92, outside[fallback])",f128,"pow<T>(92, outside[fallback])",custom,primary,315,boost::multiprecision::cpp_double_double,yes,104.458,151.562,99.2989,-,104.458,151.431,99.3279,-,0,-0.0289266,18.2795,79.1871,4.33201,boost::multiprecision::cpp_double_double,0.130865,0,-0.0289266,4.33201,yes,0,64.6984,22.8203,-,104.458,76.4786,32.0565,1.75368
Custom operations,"pow<T>(93, outside[fallback])",f128,"pow<T>(93, outside[fallback])",custom,primary,315,boost::multiprecision::cpp_double_double,yes,105.039,152.35,99.6746,-,104.75,152.536,99.6569,-,0.289573,0.0177374,18.2057,79.7687,4.38152,boost::multiprecision::cpp_double_double,-0.186004,0.289573,0.0177374,4.38152,yes,0,65.1576,22.8533,-,105.039,76.8213,32.3675,1.77787
Custom operations,"pow<T>(94, outside[fallback])",f128,"pow<T>(94, outside[fallback])",custom,primary,315,boost::multiprecision::cpp_double_double,yes,106.048,155.796,100,-,105.433,154.921,99.8913,-,0.615491,0.108695,18.6085,80.183,4.30894,boost::multiprecision::cpp_double_double,0.875532,0.615491,0.108695,4.30894,yes,0,68.7639,22.8563,-,106.048,77.1437,32.5568,1.74956
Custom operations,"pow<T>(95, outside[fallback])",f128,"pow<T>(95, outside[fallback])",custom,primary,315,boost::multiprecision::cpp_double_double,yes,104.474,151.273,99.3115,-,104.474,151.669,99.2932,-,0,0.0183071,18.9125,80.332,4.24757,boost::multiprecision::cpp_double_double,-0.396495,0,0.0183071,4.24757,yes,0,64.9199,22.8263,-,104.474,76.4853,33.1672,1.75372
Custom operations,"pow<T>(96, outside[fallback])",f128,"pow<T>(96, outside[fallback])",custom,primary,315,boost::multiprecision::cpp_double_double,yes,106.196,158.489,100,-,106.196,158.398,100,-,0,0,20.8644,80.6851,3.86712,boost::multiprecision::cpp_double_double,0.091524,0,0,3.86712,yes,0,71.6326,22.8571,-,106.196,77.1429,32.7294,1.56867
Custom operations,"pow<T>(97, outside[fallback])",f128,"pow<T>(97, outside[fallback])",custom,primary,315,boost::multiprecision::cpp_double_double,yes,105.187,151.875,99.7259,-,105.266,151.334,99.7416,-,-0.0794664,-0.015655,18.524,82.0302,4.42832,boost::multiprecision::cpp_double_double,0.541042,-0.0794664,-0.015655,4.42832,yes,0,64.673,22.8519,-,105.187,76.874,32.5904,1.75936
Custom operations,"pow<T>(98, outside[fallback])",f128,"pow<T>(98, outside[fallback])",custom,primary,315,boost::multiprecision::cpp_double_double,yes,104.657,152.225,99.6108,-,104.951,151.978,99.6738,-,-0.294197,-0.0630463,18.6998,80.5704,4.30862,boost::multiprecision::cpp_double_double,0.247125,-0.294197,-0.0630463,4.30862,yes,0,65.2178,22.8528,-,104.657,76.7579,32.6886,1.74807
Custom operations,"pow<T>(99, outside[fallback])",f128,"pow<T>(99, outside[fallback])",custom,primary,315,boost::multiprecision::cpp_double_double,yes,102.492,149.351,98.2945,-,102.492,149.33,98.3094,-,0,-0.0149355,18.5092,79.8544,4.31431,boost::multiprecision::cpp_double_double,0.0216451,0,-0.0149355,4.31431,yes,0,62.6681,22.686,-,102.492,75.6084,32.3473,1.74763
Custom operations,"pow<T>(101, outside[fallback])",f128,"pow<T>(101, outside[fallback])",custom,primary,314,boost::multiprecision::cpp_double_double,yes,103.216,149.77,98.6191,-,102.873,149.379,98.4895,-,0.342624,0.129567,18.3937,80.0688,4.35306,boost::multiprecision::cpp_double_double,0.390904,0.342624,0.129567,4.35306,yes,0,62.4541,22.6378,-,103.216,75.9813,32.3366,1.75803
Custom operations,"pow<T>(102, outside[fallback])",f128,"pow<T>(102, outside[fallback])",custom,primary,314,boost::multiprecision::cpp_double_double,yes,104.8,151.991,99.5671,-,104.8,151.915,99.5898,-,0,-0.022684,18.5148,79.801,4.31011,boost::multiprecision::cpp_double_double,0.0759784,0,-0.022684,4.31011,yes,0,64.862,22.7606,-,104.8,76.8065,32.0903,1.73322
Custom operations,"pow<T>(103, outside[fallback])",f128,"pow<T>(103, outside[fallback])",custom,primary,314,boost::multiprecision::cpp_double_double,yes,103.042,149.724,98.4671,-,103.042,149.676,98.4634,-,0,0.003741,18.4307,80.6037,4.37335,boost::multiprecision::cpp_double_double,0.047861,0,0.003741,4.37335,yes,0,62.7481,22.614,-,103.042,75.8531,32.6936,1.77387
Custom operations,"pow<T>(104, outside[fallback])",f128,"pow<T>(104, outside[fallback])",custom,primary,313,boost::multiprecision::cpp_double_double,yes,103.237,150.802,98.6285,-,103.351,150.592,98.6838,-,-0.113694,-0.0553029,18.9165,80.2404,4.24182,boost::multiprecision::cpp_double_double,0.210291,-0.113694,-0.0553029,4.24182,yes,0,62.8692,22.4095,-,103.237,76.2191,32.477,1.71686
Custom operations,"pow<T>(105, outside[fallback])",f128,"pow<T>(105, outside[fallback])",custom,primary,313,boost::multiprecision::cpp_double_double,yes,102.708,150.171,98.3086,-,103.173,149.869,98.595,-,-0.465664,-0.286461,18.8317,80.1819,4.25782,boost::multiprecision::cpp_double_double,0.30167,-0.465664,-0.286461,4.25782,yes,0,62.0832,22.3632,-,102.708,75.9454,32.3345,1.71703
Custom operations,"pow<T>(106, outside[fallback])",f128,"pow<T>(106, outside[fallback])",custom,primary,313,boost::multiprecision::cpp_double_double,yes,102.504,149.959,98.2052,-,102.504,149.937,98.2063,-,0,-0.00110369,18.5715,80.618,4.34095,boost::multiprecision::cpp_double_double,0.022007,0,-0.00110369,4.34095,yes,0,62.2085,22.3409,-,102.504,75.8643,32.4989,1.74993
Custom operations,"pow<T>(107, outside[fallback])",f128,"pow<T>(107, outside[fallback])",custom,primary,313,boost::multiprecision::cpp_double_double,yes,102.962,150.213,98.4643,-,103.186,149.845,98.5646,-,-0.224769,-0.100347,18.3372,79.8794,4.35614,boost::multiprecision::cpp_double_double,0.368047,-0.224769,-0.100347,4.35614,yes,0,61.6008,22.2146,-,102.962,76.2497,32.516,1.77323
Custom operations,"pow<T>(108, outside[fallback])",f128,"pow<T>(108, outside[fallback])",custom,primary,313,boost::multiprecision::cpp_double_double,yes,104.717,152.77,99.4755,-,104.371,152.762,99.438,-,0.345875,0.0374405,18.5295,79.915,4.31285,boost::multiprecision::cpp_double_double,0.00766758,0.345875,0.0374405,4.31285,yes,0,64.5195,22.3459,-,104.717,77.1295,32.1974,1.73763
Custom operations,"pow<T>(109, outside[fallback])",f128,"pow<T>(109, outside[fallback])",custom,primary,313,boost::multiprecision::cpp_double_double,yes,104.268,152.486,99.4186,-,104.268,152.535,99.4075,-,0,0.0110812,18.285,79.4096,4.34287,boost::multiprecision::cpp_double_double,-0.0489921,0,0.0110812,4.34287,yes,0,64.2026,22.3518,-,104.268,77.0668,32.0914,1.75506
Custom operations,"pow<T>(110, outside[fallback])",f128,"pow<T>(110, outside[fallback])",custom,primary,313,boost::multiprecision::cpp_double_double,yes,104.522,152.813,99.4987,-,103.846,151.333,99.23,-,0.676002,0.268716,18.8753,79.5929,4.21677,boost::multiprecision::cpp_double_double,1.47907,0.676002,0.268716,4.21677,yes,0,64.2027,22.35,-,104.522,77.1487,32.1277,1.7021
Custom operations,"pow<T>(111, outside[fallback])",f128,"pow<T>(111, outside[fallback])",custom,primary,313,boost::multiprecision::cpp_double_double,yes,103.063,150.281,98.5987,-,103.396,150.121,98.714,-,-0.332607,-0.115319,18.1387,79.2217,4.36755,boost::multiprecision::cpp_double_double,0.1601,-0.332607,-0.115319,4.36755,yes,0,61.3317,22.0875,-,103.063,76.5111,32.0835,1.76879
Custom operations,"pow<T>(112, outside[fallback])",f128,"pow<T>(112, outside[fallback])",custom,primary,313,boost::multiprecision::cpp_double_double,yes,105.031,155.1,99.8147,-,105.292,155.061,99.8641,-,-0.261041,-0.0494086,18.677,79.3374,4.24786,boost::multiprecision::cpp_double_double,0.03883,-0.261041,-0.0494086,4.24786,yes,0,66.3152,22.2021,-,105.031,77.6126,31.9477,1.71054
Custom operations,"pow<T>(113, outside[fallback])",f128,"pow<T>(113, outside[fallback])",custom,primary,313,boost::multiprecision::cpp_double_double,yes,103.705,151.091,98.9095,-,103.838,151.094,98.9346,-,-0.132963,-0.0251562,18.0709,79.1856,4.38195,boost::multiprecision::cpp_double_double,-0.00288087,-0.132963,-0.0251562,4.38195,yes,0,62.1483,22.134,-,103.705,76.7754,31.9787,1.76963
Custom operations,"pow<T>(114, outside[fallback])",f128,"pow<T>(114, outside[fallback])",custom,primary,312,boost::multiprecision::cpp_double_double,yes,103.599,150.844,98.8272,-,105.445,154.027,99.8349,-,-1.84634,-1.00771,18.2472,79.473,4.35534,boost::multiprecision::cpp_double_double,-3.18378,-1.84634,-1.00771,4.35534,yes,0,61.0993,21.8677,-,103.599,76.9595,32.0889,1.75856
Custom operations,"pow<T>(115, outside[fallback])",f128,"pow<T>(115, outside[fallback])",custom,primary,312,boost::multiprecision::cpp_double_double,yes,104.952,153.683,99.6824,-,104.171,152.889,99.2202,-,0.781179,0.462215,18.5996,79.4592,4.2721,boost::multiprecision::cpp_double_double,0.793682,0.781179,0.462215,4.2721,yes,0,63.4015,21.9446,-,104.952,77.7378,32.0774,1.72463
Custom operations,"pow<T>(116, outside[fallback])",f128,"pow<T>(116, outside[fallback])",custom,primary,312,boost::multiprecision::cpp_double_double,yes,105.085,152.828,99.6939,-,105.023,152.867,99.681,-,0.0618483,0.0128196,18.4143,79.5022,4.31741,boost::multiprecision::cpp_double_double,-0.0390942,0.0618483,0.0128196,4.31741,yes,0,63.0702,21.9466,-,105.085,77.7473,31.9702,1.73616
Custom operations,"pow<T>(117, outside[fallback])",f128,"pow<T>(117, outside[fallback])",custom,primary,312,boost::multiprecision::cpp_double_double,yes,104.366,151.679,99.3073,-,104.618,151.566,99.392,-,-0.251527,-0.0847555,18.0313,79.471,4.40738,boost::multiprecision::cpp_double_double,0.112438,-0.251527,-0.0847555,4.40738,yes,0,61.9498,21.9257,-,104.366,77.3815,32.0783,1.77903
Custom operations,"pow<T>(118, outside[fallback])",f128,"pow<T>(118, outside[fallback])",custom,primary,313,boost::multiprecision::cpp_double_double,yes,104.283,151.889,99.2058,-,104.243,151.341,99.1776,-,0.039578,0.0281353,18.0339,79.583,4.41298,boost::multiprecision::cpp_double_double,0.547798,0.039578,0.0281353,4.41298,yes,0,61.0508,21.6871,-,104.283,77.5186,32.2542,1.78853
Custom operations,"pow<T>(119, outside[fallback])",f128,"pow<T>(119, outside[fallback])",custom,primary,313,boost::multiprecision::cpp_double_double,yes,103.661,151.245,98.9422,-,103.661,150.543,98.919,-,0,0.0232024,17.88,80.3094,4.49156,boost::multiprecision::cpp_double_double,0.702856,0,0.0232024,4.49156,yes,0,60.2459,21.6509,-,103.661,77.2913,32.3282,1.80806
Custom operations,"pow<T>(120, outside[fallback])",f128,"pow<T>(120, outside[fallback])",custom,primary,313,boost::multiprecision::cpp_double_double,yes,103.329,151.731,98.6875,-,103.43,151.714,98.7093,-,-0.101019,-0.0218215,18.9732,79.9807,4.21546,boost::multiprecision::cpp_double_double,0.0176206,-0.101019,-0.0218215,4.21546,yes,0,61.2503,21.6328,-,103.329,77.0547,32.1852,1.69635
Custom operations,"pow<T>(121, outside[fallback])",f128,"pow<T>(121, outside[fallback])",custom,primary,313,boost::multiprecision::cpp_double_double,yes,103.509,150.513,98.7922,-,103.509,150.506,98.7914,-,0,0.000748545,17.89,79.702,4.45511,boost::multiprecision::cpp_double_double,0.00697438,0,0.000748545,4.45511,yes,0,60.2015,21.6362,-,103.509,77.156,32.066,1.7924
Custom operations,"pow<T>(122, outside[fallback])",f128,"pow<T>(122, outside[fallback])",custom,primary,313,boost::multiprecision::cpp_double_double,yes,104.808,150.732,99.4521,-,104.808,150.949,99.5751,-,0,-0.123028,17.968,79.6344,4.432,boost::multiprecision::cpp_double_double,-0.217103,0,-0.123028,4.432,yes,0,59.737,21.5409,-,104.808,77.9112,31.9664,1.77907
Custom operations,"pow<T>(123, outside[fallback])",f128,"pow<T>(123, outside[fallback])",custom,primary,313,boost::multiprecision::cpp_double_double,yes,104.08,151.49,99.0723,-,104.08,151.587,99.0619,-,0,0.0103465,17.9895,79.6734,4.42887,boost::multiprecision::cpp_double_double,-0.0968671,0,0.0103465,4.42887,yes,0,60.6734,21.5136,-,104.08,77.5587,32.2947,1.79519
Custom operations,"pow<T>(124, outside[fallback])",f128,"pow<T>(124, outside[fallback])",custom,primary,313,boost::multiprecision::cpp_double_double,yes,104.781,152.748,99.4438,-,104.781,152.731,99.4839,-,0,-0.0400989,18.0505,79.3994,4.39873,boost::multiprecision::cpp_double_double,0.0175002,0,-0.0400989,4.39873,yes,0,61.9337,21.5475,-,104.781,77.8963,32.0987,1.77827
Custom operations,"pow<T>(126, outside[fallback])",f128,"pow<T>(126, outside[fallback])",custom,primary,313,boost::multiprecision::cpp_double_double,yes,105.433,154.598,99.8918,-,104.656,153.142,99.3872,-,0.77633,0.504606,17.952,79.4831,4.42752,boost::multiprecision::cpp_double_double,1.4558,0.77633,0.504606,4.42752,yes,0,62.7433,21.4029,-,105.433,78.4889,32.0484,1.78522
Custom operations,"pow<T>(127, outside[fallback])",f128,"pow<T>(127, outside[fallback])",custom,primary,313,boost::multiprecision::cpp_double_double,yes,104.744,153.358,99.6683,-,104.744,152.819,99.6689,-,0,-0.000662829,17.9109,79.3757,4.43171,boost::multiprecision::cpp_double_double,0.538387,0,-0.000662829,4.43171,yes,0,61.6781,21.4018,-,104.744,78.2665,31.9264,1.78251
Custom operations,"pow<T>(129, outside[fallback])",f128,"pow<T>(129, outside[fallback])",custom,primary,313,boost::multiprecision::cpp_double_double,yes,104.194,152.014,99.1712,-,104.18,151.253,99.1372,-,0.0140037,0.0340193,17.8242,79.9214,4.48387,boost::multiprecision::cpp_double_double,0.761102,0.0140037,0.0340193,4.48387,yes,0,60.3469,21.3579,-,104.194,77.8133,32.1337,1.80281
Custom operations,"pow<T>(130, outside[fallback])",f128,"pow<T>(130, outside[fallback])",custom,primary,312,boost::multiprecision::cpp_double_double,yes,103.863,150.71,98.9294,-,103.543,150.515,98.8645,-,0.320187,0.0649406,18.6066,79.7381,4.28548,boost::multiprecision::cpp_double_double,0.194929,0.320187,0.0649406,4.28548,yes,0,58.9065,21.2368,-,103.863,77.6926,32.1439,1.72756
Custom operations,"pow<T>(131, outside[fallback])",f128,"pow<T>(131, outside[fallback])",custom,primary,312,boost::multiprecision::cpp_double_double,yes,102.261,150.09,98.0723,-,101.676,149.969,97.7305,-,0.584963,0.341848,17.8224,79.3304,4.45115,boost::multiprecision::cpp_double_double,0.121544,0.584963,0.341848,4.45115,yes,0,58.4556,21.1198,-,102.261,76.9525,32.0286,1.79709
Custom operations,"pow<T>(132, outside[fallback])",f128,"pow<T>(132, outside[fallback])",custom,primary,312,boost::multiprecision::cpp_double_double,yes,104.11,151.251,99.0824,-,103.275,151.123,98.6614,-,0.834584,0.420989,18.2184,80.0517,4.394,boost::multiprecision::cpp_double_double,0.128379,0.834584,0.420989,4.394,yes,0,59.6318,21.2582,-,104.11,77.8243,32.5011,1.78397
Custom operations,"pow<T>(133, outside[fallback])",f128,"pow<T>(133, outside[fallback])",custom,primary,312,boost::multiprecision::cpp_double_double,yes,105.136,153.347,99.6974,-,104.551,152.971,99.4591,-,0.584963,0.238296,18.6246,81.3253,4.36656,boost::multiprecision::cpp_double_double,0.375975,0.584963,0.238296,4.36656,yes,0,61.2001,21.304,-,105.136,78.3934,33.0881,1.77659
Custom operations,"pow<T>(134, outside[fallback])",f128,"pow<T>(134, outside[fallback])",custom,primary,311,boost::multiprecision::cpp_double_double,yes,105.468,153.483,99.8531,-,105.08,153.417,99.6977,-,0.388017,0.155405,18.2388,80.9636,4.43908,boost::multiprecision::cpp_double_double,0.0661664,0.388017,0.155405,4.43908,yes,0,60.8875,21.0569,-,105.468,78.7962,32.8757,1.80251
Custom operations,"pow<T>(135, outside[fallback])",f128,"pow<T>(135, outside[fallback])",custom,primary,311,boost::multiprecision::cpp_double_double,yes,104.064,151.865,99.2227,-,103.756,150.233,98.872,-,0.30866,0.350694,18.5176,84.9524,4.58767,boost::multiprecision::cpp_double_double,1.63189,0.30866,0.350694,4.58767,yes,0,59.2592,21.0357,-,104.064,78.187,34.1209,1.84262
Custom operations,"pow<T>(136, outside[fallback])",f128,"pow<T>(136, outside[fallback])",custom,primary,311,boost::multiprecision::cpp_double_double,yes,105.758,154.041,99.9536,-,105.335,153.528,99.8729,-,0.422696,0.0807623,18.7365,83.822,4.47373,boost::multiprecision::cpp_double_double,0.513838,0.422696,0.0807623,4.47373,yes,0,61.0954,21.0594,-,105.758,78.8942,33.6156,1.79413
Custom operations,"pow<T>(137, outside[fallback])",f128,"pow<T>(137, outside[fallback])",custom,primary,311,boost::multiprecision::cpp_double_double,yes,104.937,153.796,99.5095,-,103.672,151.125,98.8972,-,1.2649,0.6123,18.2243,81.4088,4.46703,boost::multiprecision::cpp_double_double,2.67099,1.2649,0.6123,4.46703,yes,0,60.6751,21.0434,-,104.937,78.4661,32.8334,1.80162
Custom operations,"pow<T>(138, outside[fallback])",f128,"pow<T>(138, outside[fallback])",custom,primary,311,boost::multiprecision::cpp_double_double,yes,104.918,152.411,99.5507,-,104.678,151.94,99.4637,-,0.240119,0.0870099,18.3081,81.6001,4.45703,boost::multiprecision::cpp_double_double,0.470222,0.240119,0.0870099,4.45703,yes,0,59.4516,21.0441,-,104.918,78.5066,33.2701,1.81723
Custom operations,"pow<T>(139, outside[fallback])",f128,"pow<T>(139, outside[fallback])",custom,primary,311,boost::multiprecision::cpp_double_double,yes,104.688,153.081,99.5243,-,104.009,150.993,99,-,0.679393,0.524302,18.1166,81.3012,4.48767,boost::multiprecision::cpp_double_double,2.0887,0.679393,0.524302,4.48767,yes,0,60.307,21.0492,-,104.688,78.4752,32.6427,1.80181
Custom operations,"pow<T>(140, outside[fallback])",f128,"pow<T>(140, outside[fallback])",custom,primary,311,boost::multiprecision::cpp_double_double,yes,104.48,153.284,99.3965,-,104.48,153.245,99.3968,-,0,-0.000369082,18.7431,80.6198,4.30129,boost::multiprecision::cpp_double_double,0.0388957,0,-0.000369082,4.30129,yes,0,60.6717,21.0447,-,104.48,78.3517,32.5337,1.73576
Custom operations,"pow<T>(141, outside[fallback])",f128,"pow<T>(141, outside[fallback])",custom,primary,311,boost::multiprecision::cpp_double_double,yes,105.165,154.205,99.6864,-,105.165,153.335,99.7658,-,0,-0.0794066,17.7412,80.0806,4.51382,boost::multiprecision::cpp_double_double,0.869869,0,-0.0794066,4.51382,yes,0,62.1137,21.0554,-,105.165,78.631,32.0927,1.80894
Custom operations,"pow<T>(142, outside[fallback])",f128,"pow<T>(142, outside[fallback])",custom,primary,311,boost::multiprecision::cpp_double_double,yes,105.13,154.863,99.8329,-,105.13,154.506,99.7857,-,0,0.0471864,17.9453,80.027,4.4595,boost::multiprecision::cpp_double_double,0.357651,0,0.0471864,4.4595,yes,0,62.0748,21.0581,-,105.13,78.7749,32.3856,1.80468
Custom operations,"pow<T>(143, outside[fallback])",f128,"pow<T>(143, outside[fallback])",custom,primary,311,boost::multiprecision::cpp_double_double,yes,104.421,153.432,99.4258,-,104.45,153.113,99.431,-,-0.0285878,-0.00519149,17.8043,79.911,4.48829,boost::multiprecision::cpp_double_double,0.318721,-0.0285878,-0.00519149,4.48829,yes,0,60.6647,21.0488,-,104.421,78.377,32.248,1.81124
Custom operations,"pow<T>(144, outside[fallback])",f128,"pow<T>(144, outside[fallback])",custom,primary,311,boost::multiprecision::cpp_double_double,yes,106.202,155.581,100,-,106.202,155.226,100,-,0,0,18.2602,79.9798,4.38002,boost::multiprecision::cpp_double_double,0.355028,0,0,4.38002,yes,0,62.7997,21.0611,-,106.202,78.9389,32.2358,1.76536
Custom operations,"pow<T>(145, outside[fallback])",f128,"pow<T>(145, outside[fallback])",custom,primary,311,boost::multiprecision::cpp_double_double,yes,103.589,150.612,98.8716,-,103.522,150.496,98.8554,-,0.0667186,0.016245,18.1305,79.9903,4.41191,boost::multiprecision::cpp_double_double,0.116239,0.0667186,0.016245,4.41191,yes,0,58.001,20.9668,-,103.589,77.9048,32.2755,1.78017
Custom operations,"pow<T>(146, outside[fallback])",f128,"pow<T>(146, outside[fallback])",custom,primary,311,boost::multiprecision::cpp_double_double,yes,104.026,151.624,99.1548,-,104.625,153.58,99.4282,-,-0.598286,-0.273485,17.6197,79.6765,4.522,boost::multiprecision::cpp_double_double,-1.9564,-0.598286,-0.273485,4.522,yes,0,58.838,21.022,-,104.026,78.1327,32.1525,1.8248
Custom operations,"pow<T>(147, outside[fallback])",f128,"pow<T>(147, outside[fallback])",custom,primary,311,boost::multiprecision::cpp_double_double,yes,103.546,151.144,98.8367,-,104.157,151.701,99.1594,-,-0.610959,-0.322731,17.511,79.8146,4.55798,boost::multiprecision::cpp_double_double,-0.557004,-0.610959,-0.322731,4.55798,yes,0,58.5605,20.9802,-,103.546,77.8565,32.3109,1.84518
Custom operations,"pow<T>(148, outside[fallback])",f128,"pow<T>(148, outside[fallback])",custom,primary,311,boost::multiprecision::cpp_double_double,yes,105.083,153.693,99.8011,-,104.857,152.745,99.506,-,0.22597,0.295152,17.8018,79.988,4.49324,boost::multiprecision::cpp_double_double,0.94798,0.22597,0.295152,4.49324,yes,0,61.2642,21.0587,-,105.083,78.7424,32.3614,1.81787
Custom operations,"pow<T>(149, outside[fallback])",f128,"pow<T>(149, outside[fallback])",custom,primary,310,boost::multiprecision::cpp_double_double,yes,104.82,152.575,99.4868,-,103.459,150.384,98.8214,-,1.36033,0.665419,17.3137,80.2021,4.63229,boost::multiprecision::cpp_double_double,2.19086,1.36033,0.665419,4.63229,yes,0,59.1514,20.7951,-,104.82,78.6917,32.3086,1.86607
Custom operations,"pow<T>(150, outside[fallback])",f128,"pow<T>(150, outside[fallback])",custom,primary,310,boost::multiprecision::cpp_double_double,yes,104.975,152.871,99.5368,-,104.738,152.525,99.448,-,0.237203,0.0888392,18.4293,79.6293,4.32081,boost::multiprecision::cpp_double_double,0.34567,0.237203,0.0888392,4.32081,yes,0,59.305,20.787,-,104.975,78.7498,32.1091,1.74229
Custom operations,"pow<T>(151, outside[fallback])",f128,"pow<T>(151, outside[fallback])",custom,primary,310,boost::multiprecision::cpp_double_double,yes,103.6,151.332,98.8807,-,102.863,150.193,98.3738,-,0.736966,0.506908,17.2622,79.5799,4.61006,boost::multiprecision::cpp_double_double,1.13831,0.736966,0.506908,4.61006,yes,0,57.9069,20.7274,-,103.6,78.1533,32.2609,1.86887
Custom operations,"pow<T>(152, outside[fallback])",f128,"pow<T>(152, outside[fallback])",custom,primary,310,boost::multiprecision::cpp_double_double,yes,105.47,154.161,99.8984,-,104.637,152.384,99.4829,-,0.832186,0.415565,17.7988,79.9124,4.48977,boost::multiprecision::cpp_double_double,1.77721,0.832186,0.415565,4.48977,yes,0,60.572,20.8058,-,105.47,79.0926,32.5863,1.83082
Custom operations,"pow<T>(153, outside[fallback])",f128,"pow<T>(153, outside[fallback])",custom,primary,310,boost::multiprecision::cpp_double_double,yes,104.624,153.007,99.337,-,104.372,152.316,99.2814,-,0.25195,0.0555815,17.4775,80.1946,4.58845,boost::multiprecision::cpp_double_double,0.691279,0.25195,0.0555815,4.58845,yes,0,59.0742,20.7763,-,104.624,78.5608,32.3269,1.84963
Custom operations,"pow<T>(154, outside[fallback])",f128,"pow<T>(154, outside[fallback])",custom,primary,311,boost::multiprecision::cpp_double_double,yes,105.145,153.632,99.6315,-,104.558,152.367,99.3474,-,0.586917,0.284174,17.47,79.9257,4.57503,boost::multiprecision::cpp_double_double,1.26522,0.586917,0.284174,4.57503,yes,0,60.179,20.8932,-,105.145,78.7383,32.1185,1.8385
Custom operations,"pow<T>(155, outside[fallback])",f128,"pow<T>(155, outside[fallback])",custom,primary,311,boost::multiprecision::cpp_double_double,yes,103.434,150.751,98.7602,-,103.657,151.032,98.8352,-,-0.222928,-0.0750045,17.7007,79.622,4.49824,boost::multiprecision::cpp_double_double,-0.280033,-0.222928,-0.0750045,4.49824,yes,0,57.6264,20.789,-,103.434,77.9712,32.1292,1.81513
Custom operations,"pow<T>(156, outside[fallback])",f128,"pow<T>(156, outside[fallback])",custom,primary,311,boost::multiprecision::cpp_double_double,yes,103.874,151.055,99.0651,-,104.097,151.165,99.0954,-,-0.222392,-0.0302606,17.3813,79.5847,4.57874,boost::multiprecision::cpp_double_double,-0.10948,-0.222392,-0.0302606,4.57874,yes,0,58.1141,20.8415,-,103.874,78.2236,32.1687,1.85076
Custom operations,"pow<T>(157, outside[fallback])",f128,"pow<T>(157, outside[fallback])",custom,primary,311,boost::multiprecision::cpp_double_double,yes,102.377,149.852,98.1036,-,102.546,149.69,98.1808,-,-0.16926,-0.0771561,17.1951,79.9652,4.65047,boost::multiprecision::cpp_double_double,0.161793,-0.16926,-0.0771561,4.65047,yes,0,56.7468,20.7013,-,102.377,77.4023,32.2523,1.87567
Custom operations,"pow<T>(158, outside[fallback])",f128,"pow<T>(158, outside[fallback])",custom,primary,311,boost::multiprecision::cpp_double_double,yes,104.168,151.303,99.2958,-,104.425,151.465,99.2544,-,-0.257151,0.041332,17.3167,79.7706,4.60657,boost::multiprecision::cpp_double_double,-0.162032,-0.257151,0.041332,4.60657,yes,0,58.3402,20.8655,-,104.168,78.4302,32.3781,1.86976
Custom operations,"pow<T>(159, outside[fallback])",f128,"pow<T>(159, outside[fallback])",custom,primary,311,boost::multiprecision::cpp_double_double,yes,102.069,150.056,97.9743,-,102.069,149.947,97.9585,-,0,0.0158473,17.2576,79.7669,4.62215,boost::multiprecision::cpp_double_double,0.109615,0,0.0158473,4.62215,yes,0,56.9352,20.7071,-,102.069,77.2672,32.2283,1.86749
Custom operations,"pow<T>(161, outside[fallback])",f128,"pow<T>(161, outside[fallback])",custom,primary,311,boost::multiprecision::cpp_double_double,yes,103.472,152.065,98.7549,-,104.352,151.518,99.3203,-,-0.880276,-0.565403,17.1474,79.9445,4.66219,boost::multiprecision::cpp_double_double,0.546615,-0.880276,-0.565403,4.66219,yes,0,58.5911,20.8247,-,103.472,77.9301,32.113,1.87276
Custom operations,"pow<T>(162, outside[fallback])",f128,"pow<T>(162, outside[fallback])",custom,primary,311,boost::multiprecision::cpp_double_double,yes,105.782,154.741,99.9583,-,105.245,154.877,99.832,-,0.53654,0.126281,17.3862,80.2369,4.61499,boost::multiprecision::cpp_double_double,-0.136204,0.53654,0.126281,4.61499,yes,0,61.9382,20.8984,-,105.782,79.0598,32.0959,1.84606
Custom operations,"pow<T>(163, outside[fallback])",f128,"pow<T>(163, outside[fallback])",custom,primary,311,boost::multiprecision::cpp_double_double,yes,104.032,150.7,99.1338,-,104.032,150.341,99.0663,-,0,0.0675713,17.1674,79.5567,4.63417,boost::multiprecision::cpp_double_double,0.359805,0,0.0675713,4.63417,yes,0,57.389,20.8353,-,104.032,78.2985,32.1582,1.87321
Custom operations,"pow<T>(164, outside[fallback])",f128,"pow<T>(164, outside[fallback])",custom,primary,311,boost::multiprecision::cpp_double_double,yes,105.61,154.184,99.873,-,105.604,154.523,99.8971,-,0.00572806,-0.0241859,17.4223,79.8099,4.5809,boost::multiprecision::cpp_double_double,-0.3398,0.00572806,-0.0241859,4.5809,yes,0,61.0662,20.8978,-,105.61,78.9752,32.2157,1.8491
Custom operations,"pow<T>(165, outside[fallback])",f128,"pow<T>(165, outside[fallback])",custom,primary,311,boost::multiprecision::cpp_double_double,yes,104.929,152.61,99.5698,-,104.641,152.564,99.4754,-,0.288023,0.0943969,17.6216,79.9462,4.53683,boost::multiprecision::cpp_double_double,0.0457599,0.288023,0.0943969,4.53683,yes,0,59.4936,20.8905,-,104.929,78.6793,32.1983,1.82721
Custom operations,"pow<T>(166, outside[fallback])",f128,"pow<T>(166, outside[fallback])",custom,primary,311,boost::multiprecision::cpp_double_double,yes,104.67,150.8,99.3864,-,104.545,151.003,99.4393,-,0.124803,-0.0529235,17.1633,79.6701,4.6419,boost::multiprecision::cpp_double_double,-0.203605,0.124803,-0.0529235,4.6419,yes,0,57.8504,20.873,-,104.67,78.5134,32.1035,1.87048
Custom operations,"pow<T>(167, outside[fallback])",f128,"pow<T>(167, outside[fallback])",custom,primary,311,boost::multiprecision::cpp_double_double,yes,105.033,151.578,99.7053,-,104.15,151.432,99.2887,-,0.882989,0.416625,17.1176,79.6825,4.655,boost::multiprecision::cpp_double_double,0.146566,0.882989,0.416625,4.655,yes,0,58.4231,20.8818,-,105.033,78.8236,32.2505,1.88405
Custom operations,"pow<T>(168, outside[fallback])",f128,"pow<T>(168, outside[fallback])",custom,primary,311,boost::multiprecision::cpp_double_double,yes,106.255,155.793,100,-,105.608,155.418,99.925,-,0.647257,0.074968,17.5439,79.6515,4.54011,boost::multiprecision::cpp_double_double,0.375088,0.647257,0.074968,4.54011,yes,0,62.8278,20.8996,-,106.255,79.1004,32.1885,1.83474
Custom operations,"pow<T>(169, outside[fallback])",f128,"pow<T>(169, outside[fallback])",custom,primary,311,boost::multiprecision::cpp_double_double,yes,102.272,150.206,98.0814,-,102.418,150.039,98.1418,-,-0.146608,-0.0604215,17.1323,80.1203,4.67657,boost::multiprecision::cpp_double_double,0.166847,-0.146608,-0.0604215,4.67657,yes,0,57.0844,20.7014,-,102.272,77.38,32.6298,1.90458
Custom operations,"pow<T>(170, outside[fallback])",f128,"pow<T>(170, outside[fallback])",custom,primary,311,boost::multiprecision::cpp_double_double,yes,104.308,152.367,99.3302,-,104.308,152.417,99.4187,-,0,-0.0885433,18.1735,80.8667,4.44969,boost::multiprecision::cpp_double_double,-0.0497405,0,-0.0885433,4.44969,yes,0,59.4321,20.8789,-,104.308,78.4512,32.8426,1.80717
Custom operations,"pow<T>(171, outside[fallback])",f128,"pow<T>(171, outside[fallback])",custom,primary,311,boost::multiprecision::cpp_double_double,yes,104.598,153.83,99.7319,-,104.598,153.469,99.6327,-,0,0.0991652,17.4998,80.7101,4.61206,boost::multiprecision::cpp_double_double,0.361197,0,0.0991652,4.61206,yes,0,60.5393,20.8957,-,104.598,78.8362,32.709,1.86911
Custom operations,"pow<T>(172, outside[fallback])",f128,"pow<T>(172, outside[fallback])",custom,primary,311,boost::multiprecision::cpp_double_double,yes,105.08,152.294,99.6372,-,105.119,152.141,99.6569,-,-0.0390227,-0.019711,17.8317,80.9193,4.53796,boost::multiprecision::cpp_double_double,0.152626,-0.0390227,-0.019711,4.53796,yes,0,58.6598,20.7301,-,105.08,78.9071,32.4942,1.82228
Custom operations,"pow<T>(173, outside[fallback])",f128,"pow<T>(173, outside[fallback])",custom,primary,311,boost::multiprecision::cpp_double_double,yes,103.94,150.84,99.0333,-,103.94,150.689,99.0395,-,0,-0.00621623,22.1828,84.902,3.82737,boost::multiprecision::cpp_double_double,0.151529,0,-0.00621623,3.82737,yes,0,57.2064,20.6671,-,103.94,78.3662,32.9449,1.48515
Custom operations,"pow<T>(174, outside[fallback])",f128,"pow<T>(174, outside[fallback])",custom,primary,311,boost::multiprecision::cpp_double_double,yes,103.547,151.181,98.8023,-,103.547,150.904,98.8018,-,0,0.000488273,17.6367,83.4872,4.73371,boost::multiprecision::cpp_double_double,0.277327,0,0.000488273,4.73371,yes,0,57.3768,20.6599,-,103.547,78.1424,32.9119,1.8661
Custom operations,"pow<T>(175, outside[fallback])",f128,"pow<T>(175, outside[fallback])",custom,primary,311,boost::multiprecision::cpp_double_double,yes,104.106,151.22,99.0631,-,104.106,150.99,99.0607,-,0,0.00240394,18.8586,80.9975,4.29499,boost::multiprecision::cpp_double_double,0.230131,0,0.00240394,4.29499,yes,0,57.4098,20.6755,-,104.106,78.3876,32.6008,1.7287
Custom operations,"pow<T>(176, outside[fallback])",f128,"pow<T>(176, outside[fallback])",custom,primary,311,boost::multiprecision::cpp_double_double,yes,104.519,153.386,99.3983,-,104.519,153.329,99.3995,-,0,-0.00122736,18.0796,80.9743,4.47877,boost::multiprecision::cpp_double_double,0.0576437,0,-0.00122736,4.47877,yes,0,59.7564,20.7178,-,104.519,78.6805,32.624,1.80447
Custom operations,"pow<T>(177, outside[fallback])",f128,"pow<T>(177, outside[fallback])",custom,primary,311,boost::multiprecision::cpp_double_double,yes,105.955,155.755,99.9914,-,105.801,154.719,99.9621,-,0.153979,0.0292862,17.3232,80.745,4.6611,boost::multiprecision::cpp_double_double,1.03568,0.153979,0.0292862,4.6611,yes,0,61.7891,20.7392,-,105.955,79.2522,32.4997,1.87608
Custom operations,"pow<T>(178, outside[fallback])",f128,"pow<T>(178, outside[fallback])",custom,primary,310,boost::multiprecision::cpp_double_double,yes,103.578,150.812,98.814,-,103.578,150.647,98.8098,-,0,0.00416015,17.3264,80.4419,4.64274,boost::multiprecision::cpp_double_double,0.16557,0,0.00416015,4.64274,yes,0,56.8659,20.5629,-,103.578,78.2511,32.2521,1.86144
Custom operations,"pow<T>(179, outside[fallback])",f128,"pow<T>(179, outside[fallback])",custom,primary,310,boost::multiprecision::cpp_double_double,yes,104.473,150.739,99.357,-,104.73,150.582,99.4231,-,-0.257237,-0.0661166,17.1036,79.9652,4.67534,boost::multiprecision::cpp_double_double,0.157265,-0.257237,-0.0661166,4.67534,yes,0,56.8043,20.6123,-,104.473,78.7447,32.2827,1.88748
Custom operations,"pow<T>(180, outside[fallback])",f128,"pow<T>(180, outside[fallback])",custom,primary,310,boost::multiprecision::cpp_double_double,yes,104.908,152.376,99.5382,-,105.022,152.225,99.6081,-,-0.114057,-0.0699796,20.5918,80.3317,3.90114,boost::multiprecision::cpp_double_double,0.150835,-0.114057,-0.0699796,3.90114,yes,0,58.4424,20.6308,-,104.908,78.9073,32.4222,1.57452
Custom operations,"pow<T>(181, outside[fallback])",f128,"pow<T>(181, outside[fallback])",custom,primary,310,boost::multiprecision::cpp_double_double,yes,105.491,153.168,99.9027,-,105.317,152.846,99.8701,-,0.17424,0.0326727,17.2117,80.0661,4.65183,boost::multiprecision::cpp_double_double,0.321961,0.17424,0.0326727,4.65183,yes,0,59.0613,20.6441,-,105.491,79.2586,32.2476,1.87358
Custom operations,"pow<T>(182, outside[fallback])",f128,"pow<T>(182, outside[fallback])",custom,primary,310,boost::multiprecision::cpp_double_double,yes,103.875,151.519,98.9584,-,103.875,151.184,98.9595,-,0,-0.00107031,17.2464,80.0617,4.64222,boost::multiprecision::cpp_double_double,0.335412,0,-0.00107031,4.64222,yes,0,57.4175,20.581,-,103.875,78.3775,32.3745,1.87718
Custom operations,"pow<T>(183, outside[fallback])",f128,"pow<T>(183, outside[fallback])",custom,primary,310,boost::multiprecision::cpp_double_double,yes,104.202,150.781,99.1432,-,103.549,150.408,98.7803,-,0.653408,0.362976,17.2434,80.1425,4.64772,boost::multiprecision::cpp_double_double,0.37321,0.653408,0.362976,4.64772,yes,0,56.6638,20.607,-,104.202,78.5362,32.2261,1.86889
Custom operations,"pow<T>(184, outside[fallback])",f128,"pow<T>(184, outside[fallback])",custom,primary,310,boost::multiprecision::cpp_double_double,yes,104.458,152.494,99.4015,-,104.458,152.399,99.4013,-,0,0.0002489,17.665,80.078,4.53315,boost::multiprecision::cpp_double_double,0.0949918,0,0.0002489,4.53315,yes,0,58.5578,20.6199,-,104.458,78.7817,32.3457,1.83107
Custom operations,"pow<T>(185, outside[fallback])",f128,"pow<T>(185, outside[fallback])",custom,primary,309,boost::multiprecision::cpp_double_double,yes,103.788,150.996,99.0203,-,103.274,150.79,98.6177,-,0.514573,0.402592,17.7054,80.7192,4.55902,boost::multiprecision::cpp_double_double,0.206123,0.514573,0.402592,4.55902,yes,0,56.2208,20.3301,-,103.788,78.6902,32.4606,1.83338
Custom operations,"pow<T>(186, outside[fallback])",f128,"pow<T>(186, outside[fallback])",custom,primary,309,boost::multiprecision::cpp_double_double,yes,104.644,153.417,99.5045,-,105.433,153.841,99.882,-,-0.788812,-0.37747,17.3417,81.0696,4.67483,boost::multiprecision::cpp_double_double,-0.424245,-0.788812,-0.37747,4.67483,yes,0,58.3174,20.3831,-,104.644,79.1215,32.4988,1.87402
Custom operations,"pow<T>(187, outside[fallback])",f128,"pow<T>(187, outside[fallback])",custom,primary,309,boost::multiprecision::cpp_double_double,yes,104.477,151.782,99.2583,-,103.699,151.256,98.8821,-,0.777608,0.376241,17.3026,80.881,4.6745,boost::multiprecision::cpp_double_double,0.526149,0.777608,0.376241,4.6745,yes,0,57.195,20.353,-,104.477,78.9054,32.333,1.86868
Custom operations,"pow<T>(188, outside[fallback])",f128,"pow<T>(188, outside[fallback])",custom,primary,309,boost::multiprecision::cpp_double_double,yes,105.896,156.23,99.9801,-,105.433,155.215,99.8913,-,0.462812,0.0888688,17.4859,78.6086,4.49554,boost::multiprecision::cpp_double_double,1.01455,0.462812,0.0888688,4.49554,yes,0,61.1231,20.3875,-,105.896,79.5926,32.2323,1.84333
Custom operations,"pow<T>(189, outside[fallback])",f128,"pow<T>(189, outside[fallback])",custom,primary,309,boost::multiprecision::cpp_double_double,yes,104.089,151.151,99.0651,-,104.147,151.164,99.0774,-,-0.0586543,-0.0123222,17.1783,80.406,4.68068,boost::multiprecision::cpp_double_double,-0.0130669,-0.0586543,-0.0123222,4.68068,yes,0,56.5648,20.3267,-,104.089,78.7384,32.2263,1.87599
Custom operations,"pow<T>(190, outside[fallback])",f128,"pow<T>(190, outside[fallback])",custom,primary,309,boost::multiprecision::cpp_double_double,yes,104.558,152.337,99.4147,-,104.558,152.754,99.4539,-,0,-0.0392353,18.0283,85.4142,4.73778,boost::multiprecision::cpp_double_double,-0.417139,0,-0.0392353,4.73778,yes,0,58.0975,20.365,-,104.558,79.0497,32.191,1.78558
Custom operations,"pow<T>(191, outside[fallback])",f128,"pow<T>(191, outside[fallback])",custom,primary,309,boost::multiprecision::cpp_double_double,yes,102.631,151.141,98.3446,-,102.631,150.435,98.3264,-,0,0.0181894,17.3092,85.3557,4.93122,boost::multiprecision::cpp_double_double,0.706221,0,0.0181894,4.93122,yes,0,56.3779,20.2441,-,102.631,78.1005,32.363,1.86969
Custom operations,"pow<T>(192, outside[fallback])",f128,"pow<T>(192, outside[fallback])",custom,primary,309,boost::multiprecision::cpp_double_double,yes,106.196,158.466,100,-,106.196,158.579,100,-,0,0,18.5246,85.4832,4.61458,boost::multiprecision::cpp_double_double,-0.113249,0,0,4.61458,yes,0,63.8771,20.3883,-,106.196,79.6117,32.165,1.73634
Custom operations,"pow<T>(193, outside[fallback])",f128,"pow<T>(193, outside[fallback])",custom,primary,309,boost::multiprecision::cpp_double_double,yes,103.739,150.933,98.9192,-,103.783,151.243,98.9029,-,-0.0437506,0.016375,17.1594,85.7184,4.99541,boost::multiprecision::cpp_double_double,-0.30916,-0.0437506,0.016375,4.99541,yes,0,56.0084,20.1453,-,103.739,78.7739,32.5321,1.89587
Custom operations,"pow<T>(194, outside[fallback])",f128,"pow<T>(194, outside[fallback])",custom,primary,309,boost::multiprecision::cpp_double_double,yes,105.59,153.119,99.8598,-,105.59,152.784,99.8598,-,0,0,17.2911,85.7399,4.95862,boost::multiprecision::cpp_double_double,0.335384,0,0,4.95862,yes,0,57.6608,20.2235,-,105.59,79.6363,32.4306,1.87557
Custom operations,"pow<T>(195, outside[fallback])",f128,"pow<T>(195, outside[fallback])",custom,primary,309,boost::multiprecision::cpp_double_double,yes,103.162,151.229,98.5727,-,103.205,150.946,98.577,-,-0.0427235,-0.00425715,17.7005,85.6964,4.84146,boost::multiprecision::cpp_double_double,0.283148,-0.0427235,-0.00425715,4.84146,yes,0,55.7709,20.1192,-,103.162,78.4536,32.307,1.8252
Custom operations,"pow<T>(196, outside[fallback])",f128,"pow<T>(196, outside[fallback])",custom,primary,309,boost::multiprecision::cpp_double_double,yes,104.657,152.934,99.6153,-,104.951,152.893,99.7161,-,-0.294197,-0.100753,17.3857,85.9487,4.94363,boost::multiprecision::cpp_double_double,0.0405124,-0.294197,-0.100753,4.94363,yes,0,57.6785,20.2229,-,104.657,79.3924,32.2656,1.85587
Custom operations,"pow<T>(197, outside[fallback])",f128,"pow<T>(197, outside[fallback])",custom,primary,309,boost::multiprecision::cpp_double_double,yes,105.048,152.942,99.64,-,103.355,150.54,98.6886,-,1.69281,0.951378,17.3024,85.5049,4.94179,boost::multiprecision::cpp_double_double,2.40187,1.69281,0.951378,4.94179,yes,0,57.8458,20.2223,-,105.048,79.4177,32.5064,1.87872
Custom operations,"pow<T>(198, outside[fallback])",f128,"pow<T>(198, outside[fallback])",custom,primary,309,boost::multiprecision::cpp_double_double,yes,102.822,150.623,98.4416,-,102.938,150.649,98.4643,-,-0.115477,-0.0226645,17.2051,85.5434,4.97198,boost::multiprecision::cpp_double_double,-0.0258548,-0.115477,-0.0226645,4.97198,yes,0,55.5248,20.0898,-,102.822,78.3518,32.4409,1.88554
Custom operations,"pow<T>(199, outside[fallback])",f128,"pow<T>(199, outside[fallback])",custom,primary,309,boost::multiprecision::cpp_double_double,yes,103.93,151.147,98.999,-,103.93,151.272,98.9756,-,0,0.0234569,17.0921,85.4936,5.00193,boost::multiprecision::cpp_double_double,-0.125232,0,0.0234569,5.00193,yes,0,56.0457,20.1628,-,103.93,78.8362,32.5606,1.90501
Custom operations,"pow<T>(201, outside[fallback])",f128,"pow<T>(201, outside[fallback])",custom,primary,309,boost::multiprecision::cpp_double_double,yes,104.268,152.532,99.4143,-,104.62,152.443,99.4816,-,-0.35198,-0.0672412,17.2024,86.024,5.00069,boost::multiprecision::cpp_double_double,0.0887383,-0.35198,-0.0672412,5.00069,yes,0,56.7233,20.0473,-,104.268,79.3671,32.8572,1.91003
Custom operations,"pow<T>(202, outside[fallback])",f128,"pow<T>(202, outside[fallback])",custom,primary,309,boost::multiprecision::cpp_double_double,yes,103.36,151.068,98.7423,-,103.36,150.727,98.6695,-,0,0.0727246,17.3844,86.3471,4.96693,boost::multiprecision::cpp_double_double,0.340762,0,0.0727246,4.96693,yes,0,55.09,19.9605,-,103.36,78.7817,32.7414,1.88338
Custom operations,"pow<T>(203, outside[fallback])",f128,"pow<T>(203, outside[fallback])",custom,primary,309,boost::multiprecision::cpp_double_double,yes,102.574,150.6,98.251,-,102.69,150.585,98.3192,-,-0.116264,-0.0681812,17.2296,86.1156,4.99812,boost::multiprecision::cpp_double_double,0.0148556,-0.116264,-0.0681812,4.99812,yes,0,54.7896,19.901,-,102.574,78.35,32.5768,1.89074
Custom operations,"pow<T>(204, outside[fallback])",f128,"pow<T>(204, outside[fallback])",custom,primary,309,boost::multiprecision::cpp_double_double,yes,104.8,152.888,99.5669,-,104.8,152.847,99.5899,-,0,-0.0229958,17.3866,86.1238,4.95347,boost::multiprecision::cpp_double_double,0.0405673,0,-0.0229958,4.95347,yes,0,57.1026,20.0548,-,104.8,79.5121,32.4816,1.8682
Custom operations,"pow<T>(205, outside[fallback])",f128,"pow<T>(205, outside[fallback])",custom,primary,309,boost::multiprecision::cpp_double_double,yes,105.491,153.648,99.8417,-,102.709,150.418,98.2914,-,2.78236,1.55034,17.5037,86.245,4.92723,boost::multiprecision::cpp_double_double,3.23003,2.78236,1.55034,4.92723,yes,0,57.8475,20.0615,-,105.491,79.7803,32.5659,1.86051
Custom operations,"pow<T>(206, outside[fallback])",f128,"pow<T>(206, outside[fallback])",custom,primary,309,boost::multiprecision::cpp_double_double,yes,103.115,151.032,98.5633,-,103.115,151.032,98.5375,-,0,0.0258316,17.1403,85.88,5.01042,boost::multiprecision::cpp_double_double,-0.000845183,0,0.0258316,5.01042,yes,0,55.4003,19.9418,-,103.115,78.6215,32.4423,1.89275
Custom operations,"pow<T>(207, outside[fallback])",f128,"pow<T>(207, outside[fallback])",custom,primary,309,boost::multiprecision::cpp_double_double,yes,104.946,153.061,99.6193,-,104.691,152.616,99.456,-,0.255651,0.163243,17.1146,88.4845,5.17012,boost::multiprecision::cpp_double_double,0.444749,0.255651,0.163243,5.17012,yes,0,56.907,20.0477,-,104.946,79.5715,33.0664,1.93206
Custom operations,"pow<T>(208, outside[fallback])",f128,"pow<T>(208, outside[fallback])",custom,primary,308,boost::multiprecision::cpp_double_double,yes,103.436,152.124,98.8351,-,103.51,151.956,98.8421,-,-0.0740006,-0.0070658,17.9348,87.0395,4.85311,boost::multiprecision::cpp_double_double,0.16779,-0.0740006,-0.0070658,4.85311,yes,0,56.0108,19.8837,-,103.436,78.9513,32.9736,1.83853
Custom operations,"pow<T>(209, outside[fallback])",f128,"pow<T>(209, outside[fallback])",custom,primary,308,boost::multiprecision::cpp_double_double,yes,102.757,150.78,98.3852,-,102.835,150.657,98.5646,-,-0.0785527,-0.179324,17.2713,87.2835,5.05369,boost::multiprecision::cpp_double_double,0.122853,-0.0785527,-0.179324,5.05369,yes,0,54.6719,19.8322,-,102.757,78.5531,33.0469,1.9134
Custom operations,"pow<T>(210, outside[fallback])",f128,"pow<T>(210, outside[fallback])",custom,primary,308,boost::multiprecision::cpp_double_double,yes,102.821,151.499,98.4378,-,103.374,151.223,98.6866,-,-0.553104,-0.248841,18.521,92.497,4.99417,boost::multiprecision::cpp_double_double,0.27671,-0.553104,-0.248841,4.99417,yes,0,55.2278,19.8442,-,102.821,78.5936,33.3559,1.80098
Custom operations,"pow<T>(211, outside[fallback])",f128,"pow<T>(211, outside[fallback])",custom,primary,308,boost::multiprecision::cpp_double_double,yes,102.947,150.954,98.4537,-,102.947,150.787,98.4497,-,0,0.0040463,17.3049,88.8684,5.13544,boost::multiprecision::cpp_double_double,0.166667,0,0.0040463,5.13544,yes,0,54.8476,19.8327,-,102.947,78.621,33.0401,1.90929
Custom operations,"pow<T>(212, outside[fallback])",f128,"pow<T>(212, outside[fallback])",custom,primary,308,boost::multiprecision::cpp_double_double,yes,102.657,151.287,98.3354,-,102.657,151.315,98.337,-,0,-0.00163312,17.5296,87.7418,5.00534,boost::multiprecision::cpp_double_double,-0.0274214,0,-0.00163312,5.00534,yes,0,55.3597,19.8237,-,102.657,78.5117,33.0316,1.88433
Custom operations,"pow<T>(213, outside[fallback])",f128,"pow<T>(213, outside[fallback])",custom,primary,308,boost::multiprecision::cpp_double_double,yes,105.247,154.99,99.8503,-,105.111,154.916,99.6301,-,0.136188,0.220242,17.4014,87.3617,5.02039,boost::multiprecision::cpp_double_double,0.0741826,0.136188,0.220242,5.02039,yes,0,58.8629,19.9614,-,105.247,79.8889,33.4586,1.92275
Custom operations,"pow<T>(214, outside[fallback])",f128,"pow<T>(214, outside[fallback])",custom,primary,308,boost::multiprecision::cpp_double_double,yes,103.119,151.534,98.6075,-,103.35,151.203,98.6506,-,-0.231326,-0.0430694,17.394,87.3776,5.02343,boost::multiprecision::cpp_double_double,0.331158,-0.231326,-0.0430694,5.02343,yes,0,55.2488,19.8516,-,103.119,78.756,33.5152,1.92682
Custom operations,"pow<T>(215, outside[fallback])",f128,"pow<T>(215, outside[fallback])",custom,primary,308,boost::multiprecision::cpp_double_double,yes,104.646,153.019,99.4546,-,103.224,151.016,98.6392,-,1.42211,0.815382,17.9231,87.1146,4.86046,boost::multiprecision::cpp_double_double,2.00382,1.42211,0.815382,4.86046,yes,0,56.5821,19.956,-,104.646,79.4986,32.9451,1.83814
Custom operations,"pow<T>(216, outside[fallback])",f128,"pow<T>(216, outside[fallback])",custom,primary,308,boost::multiprecision::cpp_double_double,yes,104.717,154.073,99.5141,-,104.371,154.114,99.4854,-,0.345875,0.0286848,17.6631,86.8687,4.9181,boost::multiprecision::cpp_double_double,-0.0409092,0.345875,0.0286848,4.9181,yes,0,58.1561,19.9573,-,104.717,79.5568,33.6435,1.90473
Custom operations,"pow<T>(217, outside[fallback])",f128,"pow<T>(217, outside[fallback])",custom,primary,307,boost::multiprecision::cpp_double_double,yes,102.662,150.887,98.3387,-,102.662,150.83,98.3095,-,0,0.0291764,17.2985,88.2831,5.10351,boost::multiprecision::cpp_double_double,0.0569492,0,0.0291764,5.10351,yes,0,53.9377,19.5515,-,102.662,78.7872,33.5208,1.93779
Custom operations,"pow<T>(218, outside[fallback])",f128,"pow<T>(218, outside[fallback])",custom,primary,307,boost::multiprecision::cpp_double_double,yes,104.268,153.913,99.4183,-,104.268,153.973,99.4072,-,0,0.0111211,17.3938,87.6543,5.0394,boost::multiprecision::cpp_double_double,-0.0597216,0,0.0111211,5.0394,yes,0,57.1291,19.6941,-,104.268,79.7242,32.9822,1.8962
Custom operations,"pow<T>(219, outside[fallback])",f128,"pow<T>(219, outside[fallback])",custom,primary,307,boost::multiprecision::cpp_double_double,yes,103.365,151.018,98.771,-,103.365,151.031,98.7431,-,0,0.0279877,17.193,87.1508,5.06896,boost::multiprecision::cpp_double_double,-0.0131602,0,0.0279877,5.06896,yes,0,54.2587,19.6143,-,103.365,79.1567,33.1583,1.92859
Custom operations,"pow<T>(220, outside[fallback])",f128,"pow<T>(220, outside[fallback])",custom,primary,307,boost::multiprecision::cpp_double_double,yes,104.522,154.441,99.5196,-,103.846,152.804,99.2332,-,0.676002,0.286428,18.32,86.4658,4.71975,boost::multiprecision::cpp_double_double,1.63742,0.676002,0.286428,4.71975,yes,0,57.3237,19.6971,-,104.522,79.8225,32.9455,1.79833
Custom operations,"pow<T>(221, outside[fallback])",f128,"pow<T>(221, outside[fallback])",custom,primary,307,boost::multiprecision::cpp_double_double,yes,103.641,151.235,98.8872,-,103.641,151.044,98.8515,-,0,0.0356912,17.1084,86.1541,5.03578,boost::multiprecision::cpp_double_double,0.190758,0,0.0356912,5.03578,yes,0,54.2722,19.6191,-,103.641,79.2681,32.8027,1.91735
Custom operations,"pow<T>(222, outside[fallback])",f128,"pow<T>(222, outside[fallback])",custom,primary,307,boost::multiprecision::cpp_double_double,yes,103.33,151.746,98.7634,-,103.484,151.604,98.7994,-,-0.153612,-0.0359063,17.1475,86.2432,5.02948,boost::multiprecision::cpp_double_double,0.141854,-0.153612,-0.0359063,5.02948,yes,0,54.7993,19.6192,-,103.33,79.1442,32.8264,1.91435
Custom operations,"pow<T>(223, outside[fallback])",f128,"pow<T>(223, outside[fallback])",custom,primary,307,boost::multiprecision::cpp_double_double,yes,104.189,151.824,99.1692,-,103.703,151.685,99.0972,-,0.485427,0.071968,17.0956,86.081,5.03528,boost::multiprecision::cpp_double_double,0.138392,0.485427,0.071968,5.03528,yes,0,54.7049,19.6524,-,104.189,79.5168,32.8029,1.9188
Custom operations,"pow<T>(224, outside[fallback])",f128,"pow<T>(224, outside[fallback])",custom,primary,307,boost::multiprecision::cpp_double_double,yes,105.031,156.559,99.8158,-,105.616,156.573,99.927,-,-0.584963,-0.111269,18.0961,86.2159,4.76434,boost::multiprecision::cpp_double_double,-0.0144338,-0.584963,-0.111269,4.76434,yes,0,59.7901,19.7063,-,105.031,80.1095,32.8859,1.81729
Custom operations,"pow<T>(225, outside[fallback])",f128,"pow<T>(225, outside[fallback])",custom,primary,307,boost::multiprecision::cpp_double_double,yes,102.518,151.418,98.2803,-,102.464,151.268,98.2572,-,0.0543205,0.0230797,18.2885,86.0875,4.70718,boost::multiprecision::cpp_double_double,0.14984,0.0543205,0.0230797,4.70718,yes,0,54.4759,19.5518,-,102.518,78.7284,32.8009,1.79352
Custom operations,"pow<T>(226, outside[fallback])",f128,"pow<T>(226, outside[fallback])",custom,primary,309,boost::multiprecision::cpp_double_double,yes,104.029,152.611,99.1719,-,104.029,152.612,99.1713,-,0,0.000613962,17.2061,86.5269,5.02885,boost::multiprecision::cpp_double_double,-0.00146853,0,0.000613962,5.02885,yes,0,54.7484,19.3749,-,104.029,79.797,32.6714,1.89883
Custom operations,"pow<T>(227, outside[fallback])",f128,"pow<T>(227, outside[fallback])",custom,primary,309,boost::multiprecision::cpp_double_double,yes,103.281,151.203,98.6391,-,103.281,151.06,98.6415,-,0,-0.00236343,17.1148,86.1851,5.03571,boost::multiprecision::cpp_double_double,0.142433,0,-0.00236343,5.03571,yes,0,53.3481,19.3078,-,103.281,79.3314,32.5903,1.90422
Custom operations,"pow<T>(228, outside[fallback])",f128,"pow<T>(228, outside[fallback])",custom,primary,309,boost::multiprecision::cpp_double_double,yes,103.623,152.212,98.958,-,105.445,155.039,99.8349,-,-1.82225,-0.87694,17.2033,85.8093,4.98797,boost::multiprecision::cpp_double_double,-2.82725,-1.82225,-0.87694,4.98797,yes,0,54.3463,19.3567,-,103.623,79.6013,32.5354,1.89124
Custom operations,"pow<T>(229, outside[fallback])",f128,"pow<T>(229, outside[fallback])",custom,primary,309,boost::multiprecision::cpp_double_double,yes,104.669,154.669,99.6598,-,104.487,153.613,99.5696,-,0.181812,0.0901955,17.1039,86.4066,5.05185,boost::multiprecision::cpp_double_double,1.05573,0.181812,0.0901955,5.05185,yes,0,56.634,19.4141,-,104.669,80.2457,32.6271,1.90758
Custom operations,"pow<T>(230, outside[fallback])",f128,"pow<T>(230, outside[fallback])",custom,primary,309,boost::multiprecision::cpp_double_double,yes,105.758,155.026,99.9391,-,104.624,154.287,99.3797,-,1.13458,0.559323,17.8698,86.1738,4.8223,boost::multiprecision::cpp_double_double,0.738624,1.13458,0.559323,4.8223,yes,0,56.443,19.4111,-,105.758,80.528,32.8051,1.83578
Custom operations,"pow<T>(231, outside[fallback])",f128,"pow<T>(231, outside[fallback])",custom,primary,309,boost::multiprecision::cpp_double_double,yes,105.365,153.265,99.786,-,104.555,154.066,99.4841,-,0.809813,0.301902,17.1006,86.1853,5.0399,boost::multiprecision::cpp_double_double,-0.800819,0.809813,0.301902,5.0399,yes,0,55.3695,19.4074,-,105.365,80.3786,33.1192,1.93673
Custom operations,"pow<T>(232, outside[fallback])",f128,"pow<T>(232, outside[fallback])",custom,primary,309,boost::multiprecision::cpp_double_double,yes,105.337,154.129,99.7671,-,105.023,154.016,99.7045,-,0.313373,0.0626475,17.3852,86.5236,4.97684,boost::multiprecision::cpp_double_double,0.113311,0.313373,0.0626475,4.97684,yes,0,56.2515,19.411,-,105.337,80.3562,32.8684,1.89059
Custom operations,"pow<T>(233, outside[fallback])",f128,"pow<T>(233, outside[fallback])",custom,primary,309,boost::multiprecision::cpp_double_double,yes,103.031,151.369,98.5193,-,103.031,151.234,98.5442,-,0,-0.0248396,16.997,87.0152,5.11946,boost::multiprecision::cpp_double_double,0.135427,0,-0.0248396,5.11946,yes,0,53.5122,19.3022,-,103.031,79.2172,32.6153,1.91889
Custom operations,"pow<T>(234, outside[fallback])",f128,"pow<T>(234, outside[fallback])",custom,primary,309,boost::multiprecision::cpp_double_double,yes,104.366,153.028,99.354,-,104.825,152.945,99.4759,-,-0.459091,-0.121908,16.9385,85.9918,5.07672,boost::multiprecision::cpp_double_double,0.0821366,-0.459091,-0.121908,5.07672,yes,0,55.1784,19.4012,-,104.366,79.9528,32.5993,1.92457
Custom operations,"pow<T>(235, outside[fallback])",f128,"pow<T>(235, outside[fallback])",custom,primary,309,boost::multiprecision::cpp_double_double,yes,104.194,153.89,99.2599,-,104.66,153.931,99.5101,-,-0.465707,-0.250151,17.3697,86.3656,4.97219,boost::multiprecision::cpp_double_double,-0.0408397,-0.465707,-0.250151,4.97219,yes,0,55.8526,19.3992,-,104.194,79.8607,32.6383,1.87903
Custom operations,"pow<T>(236, outside[fallback])",f128,"pow<T>(236, outside[fallback])",custom,primary,309,boost::multiprecision::cpp_double_double,yes,104.402,153.227,99.4303,-,104.243,152.895,99.2319,-,0.158355,0.198479,17.1279,86.3189,5.03966,boost::multiprecision::cpp_double_double,0.332641,0.158355,0.198479,5.03966,yes,0,54.6562,19.2382,-,104.402,80.1922,32.5846,1.90242
Custom operations,"pow<T>(237, outside[fallback])",f128,"pow<T>(237, outside[fallback])",custom,primary,309,boost::multiprecision::cpp_double_double,yes,103.759,151.843,98.9734,-,102.56,151.167,98.3174,-,1.19872,0.656015,16.9088,86.3046,5.10412,boost::multiprecision::cpp_double_double,0.675561,1.19872,0.656015,5.10412,yes,0,53.2793,19.1879,-,103.759,79.7855,32.5243,1.92351
Custom operations,"pow<T>(238, outside[fallback])",f128,"pow<T>(238, outside[fallback])",custom,primary,309,boost::multiprecision::cpp_double_double,yes,103.992,152.579,99.0462,-,103.992,151.916,99.035,-,0,0.0111133,17.0636,86.2593,5.05516,boost::multiprecision::cpp_double_double,0.663269,0,0.0111133,5.05516,yes,0,53.6701,19.2034,-,103.992,79.8428,32.7191,1.91748
Custom operations,"pow<T>(239, outside[fallback])",f128,"pow<T>(239, outside[fallback])",custom,primary,309,boost::multiprecision::cpp_double_double,yes,102.951,150.987,98.5067,-,103.24,150.879,98.6689,-,-0.289507,-0.162156,17.0706,86.2636,5.05334,boost::multiprecision::cpp_double_double,0.108287,-0.289507,-0.162156,5.05334,yes,0,52.5984,19.1211,-,102.951,79.3856,32.6911,1.91505
Custom operations,"pow<T>(240, outside[fallback])",f128,"pow<T>(240, outside[fallback])",custom,primary,309,boost::multiprecision::cpp_double_double,yes,103.497,153.09,98.9712,-,103.497,153.088,98.9099,-,0,0.0612735,18.5043,86.3369,4.66579,boost::multiprecision::cpp_double_double,0.00238494,0,0.0612735,4.66579,yes,0,54.7062,19.1939,-,103.497,79.7773,32.7512,1.76993
Custom operations,"pow<T>(241, outside[fallback])",f128,"pow<T>(241, outside[fallback])",custom,primary,309,boost::multiprecision::cpp_double_double,yes,103.299,151.44,98.7485,-,103.572,151.302,98.8091,-,-0.27274,-0.0605729,16.9923,86.2511,5.0759,boost::multiprecision::cpp_double_double,0.138734,-0.27274,-0.0605729,5.0759,yes,0,53.0689,19.1679,-,103.299,79.5805,32.8844,1.93525
Custom operations,"pow<T>(242, outside[fallback])",f128,"pow<T>(242, outside[fallback])",custom,primary,309,boost::multiprecision::cpp_double_double,yes,103.726,151.856,98.9222,-,103.726,151.884,98.9214,-,0,0.000817761,16.914,85.9047,5.07892,boost::multiprecision::cpp_double_double,-0.0284078,0,0.000817761,5.07892,yes,0,53.6436,19.1969,-,103.726,79.7253,33.0484,1.95391
Custom operations,"pow<T>(243, outside[fallback])",f128,"pow<T>(243, outside[fallback])",custom,primary,309,boost::multiprecision::cpp_double_double,yes,104.865,152.503,99.5092,-,104.654,152.919,99.4961,-,0.2105,0.013121,17.1769,86.852,5.05632,boost::multiprecision::cpp_double_double,-0.416824,0.2105,0.013121,5.05632,yes,0,54.6766,19.2415,-,104.865,80.2678,32.8329,1.91145
Custom operations,"pow<T>(244, outside[fallback])",f128,"pow<T>(244, outside[fallback])",custom,primary,309,boost::multiprecision::cpp_double_double,yes,104.808,152.03,99.5085,-,104.808,152.091,99.5761,-,0,-0.0676167,17.3946,87.52,5.03145,boost::multiprecision::cpp_double_double,-0.0608163,0,-0.0676167,5.03145,yes,0,53.6453,19.2402,-,104.808,80.2683,33.4813,1.92481
Custom operations,"pow<T>(245, outside[fallback])",f128,"pow<T>(245, outside[fallback])",custom,primary,309,boost::multiprecision::cpp_double_double,yes,104.975,153.236,99.6911,-,104.975,152.921,99.5829,-,0,0.108123,17.8527,88.234,4.94234,boost::multiprecision::cpp_double_double,0.31518,0,0.108123,4.94234,yes,0,54.6901,19.2478,-,104.975,80.4433,36.2513,2.03058
Custom operations,"pow<T>(246, outside[fallback])",f128,"pow<T>(246, outside[fallback])",custom,primary,308,boost::multiprecision::cpp_double_double,yes,104.32,152.982,99.287,-,104.149,153.113,99.1961,-,0.17081,0.0909226,18.9078,87.9457,4.65129,boost::multiprecision::cpp_double_double,-0.130907,0.17081,0.0909226,4.65129,yes,0,53.9375,18.9652,-,104.32,80.3218,35.0311,1.85273
Custom operations,"pow<T>(247, outside[fallback])",f128,"pow<T>(247, outside[fallback])",custom,primary,308,boost::multiprecision::cpp_double_double,yes,104.728,154.817,99.689,-,104.273,154.625,99.365,-,0.455459,0.324003,17.2856,88.1937,5.10215,boost::multiprecision::cpp_double_double,0.192323,0.455459,0.324003,5.10215,yes,0,55.4041,18.9824,-,104.728,80.7065,33.555,1.94121
Custom operations,"pow<T>(248, outside[fallback])",f128,"pow<T>(248, outside[fallback])",custom,primary,308,boost::multiprecision::cpp_double_double,yes,104.781,154.22,99.4498,-,104.781,154.245,99.4879,-,0,-0.038077,17.6552,87.8541,4.97609,boost::multiprecision::cpp_double_double,-0.0252345,0,-0.038077,4.97609,yes,0,55.1777,18.9816,-,104.781,80.4683,33.281,1.88505
Custom operations,"pow<T>(249, outside[fallback])",f128,"pow<T>(249, outside[fallback])",custom,primary,308,boost::multiprecision::cpp_double_double,yes,104.39,153.179,99.4308,-,104.39,153.831,99.4249,-,0,0.00591478,17.2559,88.0283,5.10134,boost::multiprecision::cpp_double_double,-0.651677,0,0.00591478,5.10134,yes,0,53.9455,18.975,-,104.39,80.4558,32.9706,1.91068
Custom operations,"pow<T>(251, outside[fallback])",f128,"pow<T>(251, outside[fallback])",custom,primary,308,boost::multiprecision::cpp_double_double,yes,104,152.449,99.2434,-,104.178,151.966,99.2275,-,-0.177665,0.0158366,17.0809,87.1576,5.10265,boost::multiprecision::cpp_double_double,0.483718,-0.177665,0.0158366,5.10265,yes,0,53.0717,18.9677,-,104,80.2756,32.7561,1.91771
Custom operations,"pow<T>(252, outside[fallback])",f128,"pow<T>(252, outside[fallback])",custom,primary,308,boost::multiprecision::cpp_double_double,yes,105.433,155.378,99.8921,-,105.068,154.691,99.7693,-,0.364154,0.122768,17.1923,86.6137,5.03793,boost::multiprecision::cpp_double_double,0.687357,0.364154,0.122768,5.03793,yes,0,55.7988,18.9909,-,105.433,80.9011,32.602,1.89631
Custom operations,"pow<T>(253, outside[fallback])",f128,"pow<T>(253, outside[fallback])",custom,primary,308,boost::multiprecision::cpp_double_double,yes,103.679,151.273,98.9042,-,103.679,151.273,98.8685,-,0,0.035683,16.8465,86.5907,5.13999,boost::multiprecision::cpp_double_double,5.67691e-05,0,0.035683,5.13999,yes,0,52.2111,18.9156,-,103.679,79.9886,32.6075,1.93557
Custom operations,"pow<T>(254, outside[fallback])",f128,"pow<T>(254, outside[fallback])",custom,primary,308,boost::multiprecision::cpp_double_double,yes,104.744,154.634,99.6683,-,104.744,154.131,99.669,-,0,-0.000673589,16.9634,87.7105,5.17057,boost::multiprecision::cpp_double_double,0.50302,0,-0.000673589,5.17057,yes,0,55.4051,18.9897,-,104.744,80.6787,32.7201,1.92886
Custom operations,"pow<T>(255, outside[fallback])",f128,"pow<T>(255, outside[fallback])",custom,primary,308,boost::multiprecision::cpp_double_double,yes,105.238,153.424,99.6945,-,103.663,151.933,98.8916,-,1.57511,0.80291,17.4224,87.6573,5.03131,boost::multiprecision::cpp_double_double,1.49154,1.57511,0.80291,5.03131,yes,0,53.4857,18.9832,-,105.238,80.7113,32.8015,1.88273
Custom operations,"pow<T>(65537, outside[fallback])",f128,"pow<T>(65537, outside[fallback])",custom,primary,300,boost::multiprecision::cpp_double_double,yes,105.001,157.319,99.8084,-,103.416,155.974,99.031,-,1.58496,0.777454,18.6255,92.198,4.9501,boost::multiprecision::cpp_double_double,1.345,1.58496,0.777454,4.9501,yes,0,33.5806,11.3277,-,105.001,88.4807,33.833,1.81649
Rounding,floor,f128,floor,primary,primary,420,boost::multiprecision::cpp_double_double,yes,exact,160,100,Both,exact,160,79.9488,NaN,0,20.0512,4.22761,6.2218,1.47171,qdpp (dd_real),0,0,0,0.994635,yes,exact,160,100,Both,0,0,4.20493,0.994635
Rounding,ceil,f128,ceil,primary,primary,420,boost::multiprecision::cpp_double_double,yes,exact,160,100,Both,exact,160,79.9488,NaN,0,20.0512,4.22722,7.97258,1.88601,qdpp (dd_real),0,0,0,1.00781,yes,exact,160,100,Both,0,0,4.26021,1.00781
Rounding,trunc,f128,trunc,primary,primary,420,boost::multiprecision::cpp_double_double,yes,exact,160,100,Both,exact,160,100,Both,0,0,4.22205,8.9195,2.1126,qdpp (dd_real),0,0,0,1.03606,yes,exact,160,100,Both,0,0,4.37429,1.03606
Rounding,round,f128,round,primary,primary,420,boost::multiprecision::cpp_double_double,yes,exact,160,100,Both,exact,160,100,Both,0,0,6.12182,14.4352,2.35799,boost::multiprecision::cpp_double_double,0,0,0,2.35799,yes,15.7075,143.158,79.8701,Both,exact,20.1299,4.25885,0.695683
Rounding,nearbyint,f128,nearbyint,primary,primary,420,boost::multiprecision::cpp_double_double,yes,exact,160,100,Both,52,159.231,79.9268,Both,exact,20.0732,4.26953,14.396,3.37179,boost::multiprecision::cpp_double_double,exact,108,20.0732,3.37179,yes,15.7075,142.389,79.7969,Both,exact,20.2031,4.25884,0.997496
Rounding,rint,f128,rint,primary,primary,420,boost::multiprecision::cpp_double_double,yes,exact,160,100,Both,52,159.231,79.9268,Both,exact,20.0732,4.31003,14.1934,3.29311,boost::multiprecision::cpp_double_double,exact,108,20.0732,3.29311,yes,15.7075,142.389,79.7971,Both,exact,20.2029,4.27917,0.992839
Rounding,lround,f128,lround,primary,primary,417,boost::multiprecision::cpp_double_double,yes,exact,160,100,Both,exact,160,100,No,0,0,5.2491,28.4747,5.42469,boost::multiprecision::cpp_double_double,0,0,0,5.42469,no,-,-,-,-,-,-,-,-
Rounding,llround,f128,llround,primary,primary,421,boost::multiprecision::cpp_double_double,yes,exact,160,100,Both,exact,160,100,No,0,0,4.64361,442.698,95.3349,boost::multiprecision::cpp_double_double,0,0,0,95.3349,no,-,-,-,-,-,-,-,-
Rounding,lrint,f128,lrint,primary,primary,417,boost::multiprecision::cpp_double_double,yes,exact,160,100,Both,exact,160,79.9244,No,0,20.0756,4.78155,27.9703,5.84963,boost::multiprecision::cpp_double_double,0,0,20.0756,5.84963,no,-,-,-,-,-,-,-,-
Rounding,llrint,f128,llrint,primary,primary,421,boost::multiprecision::cpp_double_double,yes,exact,160,100,Both,0,159.24,79.9244,No,exact,20.0756,4.56794,436.291,95.5115,boost::multiprecision::cpp_double_double,exact,160,20.0756,95.5115,no,-,-,-,-,-,-,-,-
Remainders,fmod,f128,fmod,primary,primary,414,boost::multiprecision::cpp_double_double,yes,exact,160,100,Both,-16.8168,65.7314,21.7142,NaN,exact,78.2858,26.795,50.8723,1.89858,qdpp (dd_real),exact,92.5764,68.8169,0.976305,yes,67.4236,127.544,31.1831,NaN,exact,68.8169,26.1601,0.976305
Remainders,remainder,f128,remainder,primary,primary,414,boost::multiprecision::cpp_double_double,yes,103.442,159.337,97.4648,Both,66.7775,127.113,31.4634,NaN,36.6649,66.0013,33.648,52.7206,1.56682,qdpp (dd_real),32.2235,36.6649,66.0472,0.774929,yes,66.7775,127.113,31.4176,NaN,36.6649,66.0472,26.0748,0.774929
Remainders,remquo,f128,remquo,primary,primary,414,boost::multiprecision::cpp_double_double,yes,103.442,159.337,96.942,Both,66.7775,127.113,31.1775,NaN,36.6649,65.7645,33.3943,51.0225,1.52788,boost::multiprecision::cpp_double_double,32.2235,36.6649,65.7645,1.52788,no,-,-,-,-,-,-,-,-
Floating-point utilities,abs,f128,fabs,primary,primary,418,boost::multiprecision::cpp_double_double,yes,exact,160,100,Both,exact,160,100,Both,0,0,4.23716,5.3751,1.26856,qdpp (dd_real),0,0,0,1.00311,yes,exact,160,100,Both,0,0,4.25036,1.00311
Floating-point utilities,fma,f128,fma,primary,primary,412,boost::multiprecision::cpp_double_double,yes,94.3591,125.855,99.8711,Both,93.7965,126,99.8371,Both,0.56261,0.0340013,4.5538,13.7378,3.01678,boost::multiprecision::cpp_double_double,-0.145353,0.56261,0.0340013,3.01678,no,-,-,-,-,-,-,-,-
Floating-point utilities,fmin,f128,fmin,primary,primary,416,boost::multiprecision::cpp_double_double,yes,exact,160,100,Both,exact,160,100,Both,0,0,4.21297,7.58157,1.79958,boost::multiprecision::cpp_double_double,0,0,0,1.79958,no,-,-,-,-,-,-,-,-
Floating-point utilities,fmax,f128,fmax,primary,primary,416,boost::multiprecision::cpp_double_double,yes,exact,160,100,Both,exact,160,100,Both,0,0,4.21015,7.47328,1.77506,boost::multiprecision::cpp_double_double,0,0,0,1.77506,no,-,-,-,-,-,-,-,-
Floating-point utilities,fdim,f128,fdim,primary,primary,416,boost::multiprecision::cpp_double_double,yes,106.007,159.142,100,Both,106.007,159.142,100,No,0,0,4.27084,9.90375,2.31893,boost::multiprecision::cpp_double_double,0,0,0,2.31893,no,-,-,-,-,-,-,-,-
Floating-point utilities,copysign,f128,copysign,primary,primary,416,boost::multiprecision::cpp_double_double,yes,exact,160,100,Both,exact,160,79.9442,Both,0,20.0558,4.23519,4.21885,0.99614,boost::multiprecision::cpp_double_double,0,0,20.0558,0.99614,no,-,-,-,-,-,-,-,-
Floating-point utilities,ldexp,f128,ldexp,primary,primary,414,boost::multiprecision::cpp_double_double,yes,exact,160,100,Both,exact,160,89.2422,NaN,0,10.7578,4.26171,4.38677,1.02934,qdpp (dd_real),0,0,0,1.0343,yes,exact,160,100,Both,0,0,4.40787,1.0343
Floating-point utilities,scalbn,f128,scalbn,primary,primary,414,boost::multiprecision::cpp_double_double,yes,exact,160,100,Both,exact,160,89.2422,NaN,0,10.7578,4.26756,4.38152,1.02671,qdpp (dd_real),0,0,0,1.03599,yes,exact,160,100,Both,0,0,4.42114,1.03599
Floating-point utilities,scalbln,f128,scalbln,primary,primary,414,boost::multiprecision::cpp_double_double,yes,exact,160,100,Both,exact,160,89.2422,NaN,0,10.7578,4.38599,5.2961,1.2075,qdpp (dd_real),0,0,0,1.08982,yes,exact,160,100,Both,0,0,4.77996,1.08982
Floating-point utilities,frexp,f128,frexp,primary,primary,418,boost::multiprecision::cpp_double_double,yes,exact,160,100,Both,exact,160,100,NaN,0,0,6.38107,6.59924,1.03419,boost::multiprecision::cpp_double_double,0,0,0,1.03419,no,-,-,-,-,-,-,-,-
Floating-point utilities,modf,f128,modf,primary,primary,420,boost::multiprecision::cpp_double_double,yes,exact,160,100,Both,exact,160,100,NaN,0,0,6.4694,14.9779,2.31519,boost::multiprecision::cpp_double_double,0,0,0,2.31519,no,-,-,-,-,-,-,-,-
Floating-point utilities,ilogb,f128,ilogb,primary,primary,418,boost::multiprecision::cpp_double_double,yes,exact,160,100,Both,exact,160,79.5364,Both,0,20.4636,5.14848,5.46722,1.06191,boost::multiprecision::cpp_double_double,0,0,20.4636,1.06191,no,-,-,-,-,-,-,-,-
Floating-point utilities,logb,f128,logb,primary,primary,418,boost::multiprecision::cpp_double_double,yes,exact,160,100,Both,exact,160,79.5367,Both,0,20.4633,5.2601,85.3115,16.2186,boost::multiprecision::cpp_double_double,0,0,20.4633,16.2186,no,-,-,-,-,-,-,-,-
Floating-point utilities,nextafter,f128,nextafter,primary,primary,417,boost::multiprecision::cpp_double_double,yes,exact,160,100,Both,105.235,125.393,99.4271,Inf,exact,0.572916,8.16765,72.5548,8.8832,boost::multiprecision::cpp_double_double,exact,54.7649,0.572916,8.8832,no,-,-,-,-,-,-,-,-
Floating-point utilities,nexttoward(type),f128,nexttoward,primary,primary,417,boost::multiprecision::cpp_double_double,yes,exact,160,100,Both,105.235,125.393,99.4249,Inf,exact,0.575071,8.10381,72.5636,8.95426,boost::multiprecision::cpp_double_double,exact,54.7649,0.575071,8.95426,no,-,-,-,-,-,-,-,-
Roots & powers,sqrt,f128,sqrt,primary,primary,418,boost::multiprecision::cpp_double_double,yes,105.098,147.717,99.8402,Both,105.098,147.717,99.8402,Both,0,0,4.32514,7.57529,1.75146,qdpp (dd_real),13.2331,0.991251,0.821826,1.29919,yes,104.107,134.484,99.0184,NaN,0.991251,0.821826,5.61917,1.29919
Roots & powers,cbrt,f128,cbrt,primary,primary,418,boost::multiprecision::cpp_double_double,yes,104.307,129.796,98.9849,Both,105.346,134.125,99.5092,Both,-1.0384,-0.524276,23.1537,428.063,18.4879,qdpp (dd_real),17.0959,8.18421,25.0607,2.85069,yes,96.1231,112.7,73.9242,NaN,8.18421,25.0607,66.0042,2.85069
Roots & powers,hypot,f128,hypot,primary,primary,417,boost::multiprecision::cpp_double_double,yes,105.187,143.519,99.8525,Both,104.078,148.131,99.7344,Both,1.10915,0.118114,17.2188,62.435,3.62598,boost::multiprecision::cpp_double_double,-4.61249,1.10915,0.118114,3.62598,no,-,-,-,-,-,-,-,-
Roots & powers,pow,f128,pow,primary,primary,422,boost::multiprecision::cpp_double_double,yes,99.4291,122.796,94.6002,Both,94.0129,117.848,75.9211,No,5.41617,18.679,161.098,530.922,3.29565,boost::multiprecision::cpp_double_double,4.94865,5.41617,18.679,3.29565,yes,0,94.1268,91.4761,No,99.4291,3.1241,240.596,1.49348
Exponentials,exp,f128,exp,primary,primary,418,boost::multiprecision::cpp_double_double,yes,104.17,127.61,99.1141,Both,0,116.78,93.9118,Both,104.17,5.20234,97.3708,371.305,3.81331,qdpp (dd_real),0.813197,104.17,9.51728,1.21432,yes,0,126.796,89.5969,Both,104.17,9.51728,118.239,1.21432
Exponentials,exp2,f128,exp2,primary,primary,418,boost::multiprecision::cpp_double_double,yes,105.949,146.604,99.7973,Both,98.1342,125.154,75.8476,Both,7.8152,23.9496,94.7395,827.64,8.73596,boost::multiprecision::cpp_double_double,21.4509,7.8152,23.9496,8.73596,no,-,-,-,-,-,-,-,-
Exponentials,expm1,f128,expm1,primary,primary,418,boost::multiprecision::cpp_double_double,yes,104.526,136.502,99.1377,Both,0,126.417,93.9417,Both,104.526,5.19601,97.7702,397.513,4.06579,qdpp (dd_real),3.7537,104.526,19.785,1.2044,yes,-0,132.748,79.3527,NaN,104.526,19.785,117.755,1.2044
Logarithms,log,f128,log,primary,primary,418,boost::multiprecision::cpp_double_double,yes,105.351,132.357,99.5437,Both,102.305,116.029,79.2065,Both,3.04641,20.3372,112.898,413.296,3.66081,qdpp (dd_real),22.1595,5.33114,23.353,1.29933,yes,100.02,110.198,76.1907,NaN,5.33114,23.353,146.691,1.29933
Logarithms,log2,f128,log2,primary,primary,418,boost::multiprecision::cpp_double_double,yes,104.805,126.528,99.3691,Both,101.897,116.108,79.1419,Both,2.90844,20.2272,116.111,419.759,3.61517,boost::multiprecision::cpp_double_double,10.4193,2.90844,20.2272,3.61517,no,-,-,-,-,-,-,-,-
Logarithms,log10,f128,log10,primary,primary,418,boost::multiprecision::cpp_double_double,yes,105.148,128.551,82.7389,Both,102.642,104.075,78.0121,Both,2.50527,4.72675,116.17,418.975,3.60657,qdpp (dd_real),16.5773,5.15182,6.55344,1.40184,yes,99.9959,111.974,76.1854,NaN,5.15182,6.55344,162.852,1.40184
Logarithms,log1p,f128,log1p,primary,primary,414,boost::multiprecision::cpp_double_double,yes,105.201,133.434,99.7761,Both,101.103,109.512,98.7171,Both,4.09735,1.05894,118.173,512.652,4.33815,qdpp (dd_real),12.1472,104.201,22.2142,1.11494,yes,1,121.287,77.5619,NaN,104.201,22.2142,131.756,1.11494
Trigonometric,sin,f128,sin,primary,primary,427,boost::multiprecision::cpp_double_double,yes,106,143.844,100,Both,53.9392,93.5666,89.213,Both,52.0608,10.787,83.3674,658.909,7.90368,qdpp (dd_real),48.3293,106,26.3192,1.48966,yes,0,95.5149,73.6808,Both,106,26.3192,124.189,1.48966
Trigonometric,cos,f128,cos,primary,primary,427,boost::multiprecision::cpp_double_double,yes,106.415,143.218,99.8778,Both,54.089,93.4938,89.2419,Both,52.326,10.6359,84.4613,648.309,7.67582,qdpp (dd_real),48.0153,106.415,26.2183,1.43444,yes,0,95.2031,73.6595,Both,106.415,26.2183,121.155,1.43444
Trigonometric,tan,f128,tan,primary,primary,420,boost::multiprecision::cpp_double_double,yes,103.855,117.592,99.1498,Both,52.9624,91.466,81.6497,Both,50.893,17.5001,94.8125,1293.17,13.6393,qdpp (dd_real),24.4904,103.855,26.5933,1.63121,yes,0,93.1017,72.5565,No,103.855,26.5933,154.659,1.63121
Trigonometric,asin,f128,asin,primary,primary,414,boost::multiprecision::cpp_double_double,yes,105.356,127.698,99.8101,Both,103.61,113.019,99.0131,Both,1.74607,0.796954,159.47,2296.78,14.4026,qdpp (dd_real),11.3513,1.67807,0.788284,1.56179,yes,103.678,116.347,99.0218,No,1.67807,0.788284,249.058,1.56179
Trigonometric,acos,f128,acos,primary,primary,414,boost::multiprecision::cpp_double_double,yes,105.278,135.051,99.7236,Both,104.193,116.052,99.0835,Both,1.08578,0.640039,165.764,2209.81,13.331,qdpp (dd_real),8.26921,1.27843,0.52097,1.4931,yes,104,126.781,99.2026,No,1.27843,0.52097,247.502,1.4931
Trigonometric,atan,f128,atan,primary,primary,418,boost::multiprecision::cpp_double_double,yes,105.651,147.951,99.9172,Both,105.637,133.348,99.8099,Both,0.0141807,0.10725,115.796,374.332,3.23269,qdpp (dd_real),1.39085,-0.178579,60.2782,1.63211,yes,105.83,146.561,39.639,No,-0.178579,60.2782,188.991,1.63211
Trigonometric,atan2,f128,atan2,primary,primary,416,boost::multiprecision::cpp_double_double,yes,106.236,148.572,99.9329,Both,105,119.724,45.8421,NaN,1.23646,54.0909,130.025,2062.58,15.8629,qdpp (dd_real),12.5861,106.236,70.3181,1.48323,yes,0,135.986,29.6148,No,106.236,70.3181,192.857,1.48323
Hyperbolic,sinh,f128,sinh,primary,primary,414,boost::multiprecision::cpp_double_double,yes,104.603,120.77,98.9946,Both,99.3632,107.896,46.7718,Both,5.23934,52.2229,107.349,385.243,3.58868,qdpp (dd_real),3.44669,0.427439,12.5517,1.31574,yes,104.175,117.323,86.4429,NaN,0.427439,12.5517,141.243,1.31574
Hyperbolic,cosh,f128,cosh,primary,primary,414,boost::multiprecision::cpp_double_double,yes,104.529,123.39,99.0123,Both,99.3632,107.847,46.6229,Both,5.16568,52.3894,104.667,391.367,3.73917,qdpp (dd_real),-0.691705,0.307047,9.3132,1.35528,yes,104.222,124.082,89.6991,NaN,0.307047,9.3132,141.852,1.35528
Hyperbolic,tanh,f128,tanh,primary,primary,414,boost::multiprecision::cpp_double_double,yes,106.678,149.314,100,Both,102.476,114.659,98.7729,Both,4.20163,1.22708,109.293,460.488,4.21334,qdpp (dd_real),0.724305,0.201634,9.76326,1.38548,yes,106.476,148.59,90.2367,Both,0.201634,9.76326,151.423,1.38548
Inverse hyperbolic,asinh,f128,asinh,primary,primary,414,boost::multiprecision::cpp_double_double,yes,105.031,130.03,99.649,Both,101.744,121.409,98.4177,Both,3.28763,1.23129,128.64,559.908,4.3525,qdpp (dd_real),9.41389,104.031,60.2111,1.27655,yes,1,120.616,39.4379,NaN,104.031,60.2111,164.215,1.27655
Inverse hyperbolic,acosh,f128,acosh,primary,primary,414,boost::multiprecision::cpp_double_double,yes,105.078,128.99,99.6866,Both,101.49,117.355,98.617,Both,3.5873,1.06962,125.613,518.788,4.13005,qdpp (dd_real),10.8095,104.078,87.0319,1.25199,yes,1,118.18,12.6548,NaN,104.078,87.0319,157.267,1.25199
Inverse hyperbolic,atanh,f128,atanh,primary,primary,414,boost::multiprecision::cpp_double_double,yes,105.035,131.616,99.5784,Both,102.541,121.63,97.9076,Both,2.49465,1.67079,107.763,1633.46,15.1579,qdpp (dd_real),7.30402,103.035,19.4594,1.6721,yes,2,124.312,80.119,Both,103.035,19.4594,180.19,1.6721
Special functions,erfc,f128,erfc,primary,primary,422,boost::multiprecision::cpp_double_double,yes,105.193,136.679,99.8109,Both,103.259,137.126,99.4836,Both,1.93411,0.327363,559.579,1240.86,2.21748,boost::multiprecision::cpp_double_double,-0.446766,1.93411,0.327363,2.21748,no,-,-,-,-,-,-,-,-
Special functions,erf,f128,erf,primary,primary,422,boost::multiprecision::cpp_double_double,yes,104.678,145.65,99.8107,Both,102.678,147.439,99.5339,Both,2,0.276768,539.626,1202.58,2.22854,boost::multiprecision::cpp_double_double,-1.78977,2,0.276768,2.22854,no,-,-,-,-,-,-,-,-
Special functions,tgamma,f128,tgamma,primary,primary,422,boost::multiprecision::cpp_double_double,yes,96.761,119.864,92.5288,Both,96.1471,108.484,73.3706,Both,0.613878,19.1582,462.111,2223.81,4.81228,boost::multiprecision::cpp_double_double,11.3804,0.613878,19.1582,4.81228,no,-,-,-,-,-,-,-,-
Special functions,lgamma,f128,lgamma,primary,primary,422,boost::multiprecision::cpp_double_double,yes,102.792,120.375,98.6954,Both,100.286,109.192,78.2709,Both,2.50619,20.4245,512.214,2577.72,5.03249,boost::multiprecision::cpp_double_double,11.183,2.50619,20.4245,5.03249,no,-,-,-,-,-,-,-,-
Comparisons,operator==,f128,operator==,primary,primary,417,boost::multiprecision::cpp_double_double,yes,160,160,100,Both,160,160,79.9943,Both,0,20.0057,2.11407,6.37144,3.01383,qdpp (dd_real),0,0,0,1.01571,yes,160,160,100,Both,0,0,2.14729,1.01571
Comparisons,operator!=,f128,operator!=,primary,primary,417,boost::multiprecision::cpp_double_double,yes,160,160,100,Both,160,160,79.9943,Both,0,20.0057,2.1625,6.49548,3.00369,qdpp (dd_real),0,0,0,0.982634,yes,160,160,100,Both,0,0,2.12494,0.982634
Comparisons,operator<,f128,operator<,primary,primary,417,boost::multiprecision::cpp_double_double,yes,160,160,100,Both,160,160,100,Both,0,0,2.52918,6.52881,2.58139,qdpp (dd_real),0,0,0,0.934086,yes,160,160,100,Both,0,0,2.36247,0.934086
Comparisons,operator>,f128,operator>,primary,primary,417,boost::multiprecision::cpp_double_double,yes,160,160,100,Both,160,160,79.9943,Both,0,20.0057,2.61569,6.51195,2.48957,qdpp (dd_real),0,0,0,0.906431,yes,160,160,100,Both,0,0,2.37094,0.906431
Comparisons,operator<=,f128,operator<=,primary,primary,417,boost::multiprecision::cpp_double_double,yes,160,160,100,Both,160,160,79.9943,Both,0,20.0057,2.51012,6.67247,2.65823,qdpp (dd_real),0,0,0,0.936801,yes,160,160,100,Both,0,0,2.35148,0.936801
Comparisons,operator>=,f128,operator>=,primary,primary,417,boost::multiprecision::cpp_double_double,yes,160,160,100,Both,160,160,100,Both,0,0,2.57891,6.69499,2.59606,qdpp (dd_real),0,0,0,0.910044,yes,160,160,100,Both,0,0,2.34692,0.910044
