group,label,precision,operation,domain,domain_role,samples,primary_competitor,primary_competitor_supported,fltx_worst_bits,fltx_mean_bits,fltx_domain_score,fltx_inf_nan_support,competitor_worst_bits,competitor_mean_bits,competitor_domain_score,competitor_inf_nan_support,precision_gap_bits,domain_gap_pp,fltx_ns_iter,competitor_ns_iter,speed_ratio,preferred_reference,preferred_mean_gap_bits,preferred_worst_gap_bits,preferred_domain_gap_pp,preferred_speed_ratio,qdpp (qd_real)_supported,qdpp (qd_real)_worst_bits,qdpp (qd_real)_mean_bits,qdpp (qd_real)_domain_score,qdpp (qd_real)_inf_nan_support,qdpp (qd_real)_gap_bits,qdpp (qd_real)_domain_gap_pp,qdpp (qd_real)_ns_iter,qdpp (qd_real)_speed_ratio
f256 <-> f256,add,f256,add,primary,primary,211,boost::multiprecision::mpfr_float_backend<64>,yes,exact,320,100,Both,152.628,236.255,99.6879,Both,exact,0.312055,13.5382,56.8338,4.19803,qdpp (qd_real),0,0,0,2.57755,yes,exact,320,100,NaN,0,0,34.8954,2.57755
f256 <-> f256,subtract,f256,subtract,primary,primary,211,boost::multiprecision::mpfr_float_backend<64>,yes,exact,320,100,Both,154.349,236.57,99.9568,Both,exact,0.0432255,13.657,57.9728,4.24491,qdpp (qd_real),0,0,0,2.77025,yes,exact,320,100,NaN,0,0,37.8334,2.77025
f256 <-> f256,multiply,f256,multiply,primary,primary,211,boost::multiprecision::mpfr_float_backend<64>,yes,exact,320,100,Both,213.228,249.996,100,Both,exact,0,17.7241,62.4515,3.52354,qdpp (qd_real),0,0,0,1.19827,yes,exact,320,100,Both,0,0,21.2382,1.19827
f256 <-> f256,divide,f256,divide,primary,primary,211,boost::multiprecision::mpfr_float_backend<64>,yes,215.082,294.169,100,Both,213,234.635,100,Both,2.08171,0,79.9604,123.882,1.5493,boost::multiprecision::mpfr_float_backend<64>,59.5347,2.08171,0,1.5493,yes,215.082,297.945,100,NaN,0,0,302.054,3.77754
Mixed Workloads,affine trig transform,f256,affine transform,mixed,stress,28,boost::multiprecision::mpfr_float_backend<64>,yes,217.111,217.208,100,-,214.628,215.967,100,-,2.48274,0,1267.6,3793.64,2.99276,qdpp (qd_real),-0.919407,0.36251,0,2.08415,yes,216.748,218.127,100,-,0.36251,0,2641.87,2.08415
Mixed Workloads,mandelbrot kernel,f256,mandelbrot,mixed,stress,3072,boost::multiprecision::mpfr_float_backend<64>,yes,exact,320,100,-,exact,320,100,-,0,0,126.452,338.587,2.6776,qdpp (qd_real),0,0,0,1.54696,yes,exact,320,100,-,0,0,195.615,1.54696
Mixed Workloads,mixed arithmetic,f256,mixed arithmetic,mixed,stress,196,boost::multiprecision::mpfr_float_backend<64>,yes,210.229,217.287,99.9094,-,203.263,213.814,99.3502,-,6.96633,0.559193,371.988,992.225,2.66736,qdpp (qd_real),0.209399,0.474229,0.0228703,2.49637,yes,209.755,217.077,99.8865,-,0.474229,0.0228703,928.619,2.49637
IO,"to_string(brute-bdr, rng, DEF)",f256,"to_string(brute-bdr, rng, DEF)",io,primary,2000,boost::multiprecision::mpfr_float_backend<64>,yes,0,315.84,49.35,Both,0,315.84,49.35,Both,0,0,370.363,885.45,2.39077,boost::multiprecision::mpfr_float_backend<64>,0,0,0,2.39077,no,-,-,-,-,-,-,-,-
IO,"to_string(brute-bdr, rng, FIX)",f256,"to_string(brute-bdr, rng, FIX)",io,primary,2000,boost::multiprecision::mpfr_float_backend<64>,yes,exact,320,100,Both,exact,320,100,Both,0,0,267.575,1431.21,5.34883,boost::multiprecision::mpfr_float_backend<64>,0,0,0,5.34883,no,-,-,-,-,-,-,-,-
IO,"to_string(brute-bdr, rng, HEX)",f256,"to_string(brute-bdr, rng, HEX)",io,primary,2000,boost::multiprecision::mpfr_float_backend<64>,no,exact,320,100,Both,-,-,-,-,-,-,138.125,-,-,-,-,-,-,-,no,-,-,-,-,-,-,-,-
IO,"to_string(brute-bdr, rng, SCI)",f256,"to_string(brute-bdr, rng, SCI)",io,primary,2000,boost::multiprecision::mpfr_float_backend<64>,yes,0,316,49.375,Both,0,316,49.375,Both,0,0,280.788,923.288,3.28821,boost::multiprecision::mpfr_float_backend<64>,0,0,0,3.28821,yes,0,259.748,42.9977,Both,0,6.37735,2363.32,8.41677
IO,"to_string(brute-log, rng, DEF)",f256,"to_string(brute-log, rng, DEF)",io,primary,2000,boost::multiprecision::mpfr_float_backend<64>,yes,0,315.84,49.35,Both,0,315.84,49.35,Both,0,0,848.013,1112.83,1.31227,boost::multiprecision::mpfr_float_backend<64>,0,0,0,1.31227,no,-,-,-,-,-,-,-,-
IO,"to_string(brute-log, rng, FIX)",f256,"to_string(brute-log, rng, FIX)",io,primary,2000,boost::multiprecision::mpfr_float_backend<64>,yes,exact,320,100,Both,exact,320,100,Both,0,0,499.863,1626.15,3.25319,boost::multiprecision::mpfr_float_backend<64>,0,0,0,3.25319,no,-,-,-,-,-,-,-,-
IO,"to_string(brute-log, rng, HEX)",f256,"to_string(brute-log, rng, HEX)",io,primary,2000,boost::multiprecision::mpfr_float_backend<64>,no,0,319.36,79.9,Both,-,-,-,-,-,-,148.475,-,-,-,-,-,-,-,no,-,-,-,-,-,-,-,-
IO,"to_string(brute-log, rng, SCI)",f256,"to_string(brute-log, rng, SCI)",io,primary,2000,boost::multiprecision::mpfr_float_backend<64>,yes,0,314.56,49.15,Both,0,314.56,49.15,Both,0,0,662.775,957.612,1.44485,boost::multiprecision::mpfr_float_backend<64>,0,0,0,1.44485,yes,0,272.591,42.6139,Both,0,6.53606,2209.68,3.33397
IO,"to_string(carry-bdr, rng, DEF)",f256,"to_string(carry-bdr, rng, DEF)",io,primary,2000,boost::multiprecision::mpfr_float_backend<64>,yes,0,314.4,49.125,Both,0,314.4,49.125,Both,0,0,318.35,877.425,2.75616,boost::multiprecision::mpfr_float_backend<64>,0,0,0,2.75616,no,-,-,-,-,-,-,-,-
IO,"to_string(carry-bdr, rng, FIX)",f256,"to_string(carry-bdr, rng, FIX)",io,primary,2000,boost::multiprecision::mpfr_float_backend<64>,yes,exact,320,100,Both,exact,320,100,Both,0,0,216.787,1683.58,7.76602,boost::multiprecision::mpfr_float_backend<64>,0,0,0,7.76602,yes,0,291.589,45.6937,Both,exact,54.3063,13269.1,61.208
IO,"to_string(carry-bdr, rng, HEX)",f256,"to_string(carry-bdr, rng, HEX)",io,primary,2000,boost::multiprecision::mpfr_float_backend<64>,no,exact,320,100,Both,-,-,-,-,-,-,140.325,-,-,-,-,-,-,-,no,-,-,-,-,-,-,-,-
IO,"to_string(carry-bdr, rng, SCI)",f256,"to_string(carry-bdr, rng, SCI)",io,primary,2000,boost::multiprecision::mpfr_float_backend<64>,yes,0,315.52,49.3,Both,0,315.52,49.3,Both,0,0,265.125,918,3.46252,boost::multiprecision::mpfr_float_backend<64>,0,0,0,3.46252,yes,0,205.375,36.7963,Both,0,12.5037,2339.47,8.82405
IO,"to_string(def-bdr, rng, DEF)",f256,"to_string(def-bdr, rng, DEF)",io,primary,2000,boost::multiprecision::mpfr_float_backend<64>,yes,0,316.16,49.4,Both,0,316.16,49.4,Both,0,0,312.262,876.987,2.80849,boost::multiprecision::mpfr_float_backend<64>,0,0,0,2.80849,no,-,-,-,-,-,-,-,-
IO,"to_string(def-bdr, rng, FIX)",f256,"to_string(def-bdr, rng, FIX)",io,primary,2000,boost::multiprecision::mpfr_float_backend<64>,yes,exact,320,100,Both,exact,320,100,Both,0,0,214.938,2015.83,9.37866,boost::multiprecision::mpfr_float_backend<64>,0,0,0,9.37866,yes,0,293.013,45.9404,Both,exact,54.0596,13625.3,63.392
IO,"to_string(def-bdr, rng, HEX)",f256,"to_string(def-bdr, rng, HEX)",io,primary,2000,boost::multiprecision::mpfr_float_backend<64>,no,exact,320,100,Both,-,-,-,-,-,-,138.375,-,-,-,-,-,-,-,no,-,-,-,-,-,-,-,-
IO,"to_string(def-bdr, rng, SCI)",f256,"to_string(def-bdr, rng, SCI)",io,primary,2000,boost::multiprecision::mpfr_float_backend<64>,yes,0,315.2,49.25,Both,0,315.2,49.25,Both,0,0,262.562,935.6,3.56334,boost::multiprecision::mpfr_float_backend<64>,0,0,0,3.56334,yes,0,205.762,36.887,Both,0,12.363,2287.6,8.71259
IO,"to_string(fixed-frac, rng, FIX)",f256,"to_string(fixed-frac, rng, FIX)",io,primary,2000,boost::multiprecision::mpfr_float_backend<64>,yes,exact,320,100,Both,exact,320,100,Both,0,0,197.675,1244.14,6.29385,boost::multiprecision::mpfr_float_backend<64>,0,0,0,6.29385,yes,0,317.504,79.6152,Both,exact,20.3848,11591.8,58.6404
IO,"to_string(fixed-int, rng, FIX)",f256,"to_string(fixed-int, rng, FIX)",io,primary,2000,boost::multiprecision::mpfr_float_backend<64>,yes,exact,320,100,Both,exact,320,100,Both,0,0,384.913,1422.79,3.69639,boost::multiprecision::mpfr_float_backend<64>,0,0,0,3.69639,no,-,-,-,-,-,-,-,-
IO,"to_string(large-int, 15, DEF)",f256,"to_string(large-int, 15, DEF)",io,primary,2000,boost::multiprecision::mpfr_float_backend<64>,yes,exact,320,100,Both,exact,320,100,Both,0,0,288.05,751.163,2.60775,boost::multiprecision::mpfr_float_backend<64>,0,0,0,2.60775,no,-,-,-,-,-,-,-,-
IO,"to_string(large-int, 15, FIX)",f256,"to_string(large-int, 15, FIX)",io,primary,2000,boost::multiprecision::mpfr_float_backend<64>,yes,exact,320,100,Both,exact,320,100,Both,0,0,283.075,1270.01,4.48649,boost::multiprecision::mpfr_float_backend<64>,0,0,0,4.48649,no,-,-,-,-,-,-,-,-
IO,"to_string(large-int, 15, HEX)",f256,"to_string(large-int, 15, HEX)",io,primary,2000,boost::multiprecision::mpfr_float_backend<64>,no,exact,320,100,Both,-,-,-,-,-,-,134.787,-,-,-,-,-,-,-,no,-,-,-,-,-,-,-,-
IO,"to_string(large-int, 15, SCI)",f256,"to_string(large-int, 15, SCI)",io,primary,2000,boost::multiprecision::mpfr_float_backend<64>,yes,exact,320,100,Both,exact,320,100,Both,0,0,537.188,730.312,1.35951,boost::multiprecision::mpfr_float_backend<64>,0,0,0,1.35951,yes,exact,320,100,Both,0,0,1471.65,2.73955
IO,"to_string(large-int, 31, DEF)",f256,"to_string(large-int, 31, DEF)",io,primary,2000,boost::multiprecision::mpfr_float_backend<64>,yes,exact,320,100,Both,exact,320,100,Both,0,0,351.25,786.812,2.24004,boost::multiprecision::mpfr_float_backend<64>,0,0,0,2.24004,no,-,-,-,-,-,-,-,-
IO,"to_string(large-int, 31, FIX)",f256,"to_string(large-int, 31, FIX)",io,primary,2000,boost::multiprecision::mpfr_float_backend<64>,yes,exact,320,100,Both,exact,320,100,Both,0,0,320.113,1323.09,4.1332,boost::multiprecision::mpfr_float_backend<64>,0,0,0,4.1332,no,-,-,-,-,-,-,-,-
IO,"to_string(large-int, 31, HEX)",f256,"to_string(large-int, 31, HEX)",io,primary,2000,boost::multiprecision::mpfr_float_backend<64>,no,exact,320,100,Both,-,-,-,-,-,-,137.012,-,-,-,-,-,-,-,no,-,-,-,-,-,-,-,-
IO,"to_string(large-int, 31, SCI)",f256,"to_string(large-int, 31, SCI)",io,primary,2000,boost::multiprecision::mpfr_float_backend<64>,yes,exact,320,100,Both,exact,320,100,Both,0,0,371.425,805.438,2.16851,boost::multiprecision::mpfr_float_backend<64>,0,0,0,2.16851,yes,103.775,319.784,89.7646,Both,exact,10.2354,2485.78,6.69254
IO,"to_string(large-int, 63, DEF)",f256,"to_string(large-int, 63, DEF)",io,primary,2000,boost::multiprecision::mpfr_float_backend<64>,yes,exact,320,100,Both,exact,320,100,Both,0,0,457.175,812.75,1.77777,boost::multiprecision::mpfr_float_backend<64>,0,0,0,1.77777,no,-,-,-,-,-,-,-,-
IO,"to_string(large-int, 63, FIX)",f256,"to_string(large-int, 63, FIX)",io,primary,2000,boost::multiprecision::mpfr_float_backend<64>,yes,exact,320,100,Both,exact,320,100,Both,0,0,421.038,1449.75,3.44328,boost::multiprecision::mpfr_float_backend<64>,0,0,0,3.44328,no,-,-,-,-,-,-,-,-
IO,"to_string(large-int, 63, HEX)",f256,"to_string(large-int, 63, HEX)",io,primary,2000,boost::multiprecision::mpfr_float_backend<64>,no,exact,320,100,Both,-,-,-,-,-,-,134.738,-,-,-,-,-,-,-,no,-,-,-,-,-,-,-,-
IO,"to_string(large-int, 63, SCI)",f256,"to_string(large-int, 63, SCI)",io,primary,2000,boost::multiprecision::mpfr_float_backend<64>,yes,exact,320,100,Both,exact,320,100,Both,0,0,447.825,861.225,1.92313,boost::multiprecision::mpfr_float_backend<64>,0,0,0,1.92313,yes,211.91,319.892,99.9915,Both,exact,0.00848537,4040.59,9.02269
IO,"to_string(max-exp, 15, DEF)",f256,"to_string(max-exp, 15, DEF)",io,primary,2000,boost::multiprecision::mpfr_float_backend<64>,yes,exact,320,100,Both,exact,320,100,Both,0,0,610.375,829.763,1.35943,boost::multiprecision::mpfr_float_backend<64>,0,0,0,1.35943,no,-,-,-,-,-,-,-,-
IO,"to_string(max-exp, 15, FIX)",f256,"to_string(max-exp, 15, FIX)",io,primary,2000,boost::multiprecision::mpfr_float_backend<64>,yes,exact,320,100,Both,exact,320,100,Both,0,0,1554.62,1999.76,1.28633,boost::multiprecision::mpfr_float_backend<64>,0,0,0,1.28633,no,-,-,-,-,-,-,-,-
IO,"to_string(max-exp, 15, HEX)",f256,"to_string(max-exp, 15, HEX)",io,primary,2000,boost::multiprecision::mpfr_float_backend<64>,no,0,314.56,49.15,Both,-,-,-,-,-,-,153.975,-,-,-,-,-,-,-,no,-,-,-,-,-,-,-,-
IO,"to_string(max-exp, 15, SCI)",f256,"to_string(max-exp, 15, SCI)",io,primary,2000,boost::multiprecision::mpfr_float_backend<64>,yes,exact,320,100,Both,exact,320,100,Both,0,0,1058.45,843.288,0.796719,boost::multiprecision::mpfr_float_backend<64>,0,0,0,0.796719,yes,49.9135,319.196,84.5956,Both,exact,15.4044,1570.16,1.48345
IO,"to_string(max-exp, 31, DEF)",f256,"to_string(max-exp, 31, DEF)",io,primary,2000,boost::multiprecision::mpfr_float_backend<64>,yes,exact,320,100,Both,exact,320,100,Both,0,0,797.35,920.038,1.15387,boost::multiprecision::mpfr_float_backend<64>,0,0,0,1.15387,no,-,-,-,-,-,-,-,-
IO,"to_string(max-exp, 31, FIX)",f256,"to_string(max-exp, 31, FIX)",io,primary,2000,boost::multiprecision::mpfr_float_backend<64>,yes,exact,320,100,Both,exact,320,100,Both,0,0,1728.04,2121.19,1.22751,boost::multiprecision::mpfr_float_backend<64>,0,0,0,1.22751,no,-,-,-,-,-,-,-,-
IO,"to_string(max-exp, 31, HEX)",f256,"to_string(max-exp, 31, HEX)",io,primary,2000,boost::multiprecision::mpfr_float_backend<64>,no,0,314.56,49.15,Both,-,-,-,-,-,-,156.35,-,-,-,-,-,-,-,no,-,-,-,-,-,-,-,-
IO,"to_string(max-exp, 31, SCI)",f256,"to_string(max-exp, 31, SCI)",io,primary,2000,boost::multiprecision::mpfr_float_backend<64>,yes,exact,320,100,Both,exact,320,100,Both,0,0,834.35,922.388,1.10552,boost::multiprecision::mpfr_float_backend<64>,0,0,0,1.10552,yes,105.608,319.572,89.913,Both,exact,10.087,2432.95,2.91598
IO,"to_string(max-exp, 63, DEF)",f256,"to_string(max-exp, 63, DEF)",io,primary,2000,boost::multiprecision::mpfr_float_backend<64>,yes,exact,320,100,Both,exact,320,100,Both,0,0,1104.81,919.475,0.832245,boost::multiprecision::mpfr_float_backend<64>,0,0,0,0.832245,no,-,-,-,-,-,-,-,-
IO,"to_string(max-exp, 63, FIX)",f256,"to_string(max-exp, 63, FIX)",io,primary,2000,boost::multiprecision::mpfr_float_backend<64>,yes,exact,320,100,Both,exact,320,100,Both,0,0,2011.96,2221.3,1.10405,boost::multiprecision::mpfr_float_backend<64>,0,0,0,1.10405,no,-,-,-,-,-,-,-,-
IO,"to_string(max-exp, 63, HEX)",f256,"to_string(max-exp, 63, HEX)",io,primary,2000,boost::multiprecision::mpfr_float_backend<64>,no,0,314.56,49.15,Both,-,-,-,-,-,-,148.562,-,-,-,-,-,-,-,no,-,-,-,-,-,-,-,-
IO,"to_string(max-exp, 63, SCI)",f256,"to_string(max-exp, 63, SCI)",io,primary,2000,boost::multiprecision::mpfr_float_backend<64>,yes,exact,320,100,Both,exact,320,100,Both,0,0,1151.06,929.425,0.80745,boost::multiprecision::mpfr_float_backend<64>,0,0,0,0.80745,yes,210.645,319.514,99.8718,Both,exact,0.128185,4120.91,3.58009
IO,"to_string(medium, 15, DEF)",f256,"to_string(medium, 15, DEF)",io,primary,2000,boost::multiprecision::mpfr_float_backend<64>,yes,exact,320,100,Both,exact,320,100,Both,0,0,223.125,617.013,2.76532,boost::multiprecision::mpfr_float_backend<64>,0,0,0,2.76532,no,-,-,-,-,-,-,-,-
IO,"to_string(medium, 15, FIX)",f256,"to_string(medium, 15, FIX)",io,primary,2000,boost::multiprecision::mpfr_float_backend<64>,yes,exact,320,100,Both,exact,320,100,Both,0,0,180.35,1017.9,5.64403,boost::multiprecision::mpfr_float_backend<64>,0,0,0,5.64403,yes,0,319.52,79.925,Both,exact,20.075,13564.5,75.212
IO,"to_string(medium, 15, HEX)",f256,"to_string(medium, 15, HEX)",io,primary,2000,boost::multiprecision::mpfr_float_backend<64>,no,exact,320,100,Both,-,-,-,-,-,-,125.388,-,-,-,-,-,-,-,no,-,-,-,-,-,-,-,-
IO,"to_string(medium, 15, SCI)",f256,"to_string(medium, 15, SCI)",io,primary,2000,boost::multiprecision::mpfr_float_backend<64>,yes,exact,320,100,Both,exact,320,100,Both,0,0,240.35,642.312,2.6724,boost::multiprecision::mpfr_float_backend<64>,0,0,0,2.6724,yes,51.1371,319.732,84.7865,Both,exact,15.2135,1329.88,5.53308
IO,"to_string(medium, 31, DEF)",f256,"to_string(medium, 31, DEF)",io,primary,2000,boost::multiprecision::mpfr_float_backend<64>,yes,exact,320,100,Both,exact,320,100,Both,0,0,268.65,774.35,2.88237,boost::multiprecision::mpfr_float_backend<64>,0,0,0,2.88237,no,-,-,-,-,-,-,-,-
IO,"to_string(medium, 31, FIX)",f256,"to_string(medium, 31, FIX)",io,primary,2000,boost::multiprecision::mpfr_float_backend<64>,yes,exact,320,100,Both,exact,320,100,Both,0,0,216.475,1199.78,5.54233,boost::multiprecision::mpfr_float_backend<64>,0,0,0,5.54233,yes,0,319.52,79.925,Both,exact,20.075,13475,62.2474
IO,"to_string(medium, 31, HEX)",f256,"to_string(medium, 31, HEX)",io,primary,2000,boost::multiprecision::mpfr_float_backend<64>,no,exact,320,100,Both,-,-,-,-,-,-,127.062,-,-,-,-,-,-,-,no,-,-,-,-,-,-,-,-
IO,"to_string(medium, 31, SCI)",f256,"to_string(medium, 31, SCI)",io,primary,2000,boost::multiprecision::mpfr_float_backend<64>,yes,exact,320,100,Both,exact,320,100,Both,0,0,222.2,773.513,3.48115,boost::multiprecision::mpfr_float_backend<64>,0,0,0,3.48115,yes,exact,320,100,Both,0,0,2179.85,9.81031
IO,"to_string(medium, 63, DEF)",f256,"to_string(medium, 63, DEF)",io,primary,2000,boost::multiprecision::mpfr_float_backend<64>,yes,exact,320,100,Both,exact,320,100,Both,0,0,350.175,772.013,2.20465,boost::multiprecision::mpfr_float_backend<64>,0,0,0,2.20465,no,-,-,-,-,-,-,-,-
IO,"to_string(medium, 63, FIX)",f256,"to_string(medium, 63, FIX)",io,primary,2000,boost::multiprecision::mpfr_float_backend<64>,yes,exact,320,100,Both,exact,320,100,Both,0,0,302.462,1293.01,4.27495,boost::multiprecision::mpfr_float_backend<64>,0,0,0,4.27495,yes,0,221.153,79.925,Both,exact,20.075,13739.8,45.4266
IO,"to_string(medium, 63, HEX)",f256,"to_string(medium, 63, HEX)",io,primary,2000,boost::multiprecision::mpfr_float_backend<64>,no,exact,320,100,Both,-,-,-,-,-,-,127.725,-,-,-,-,-,-,-,no,-,-,-,-,-,-,-,-
IO,"to_string(medium, 63, SCI)",f256,"to_string(medium, 63, SCI)",io,primary,2000,boost::multiprecision::mpfr_float_backend<64>,yes,exact,320,100,Both,exact,320,100,Both,0,0,360.512,855.788,2.37381,boost::multiprecision::mpfr_float_backend<64>,0,0,0,2.37381,yes,exact,320,100,Both,0,0,3985.41,11.0549
IO,"to_string(near-zero, 15, DEF)",f256,"to_string(near-zero, 15, DEF)",io,primary,2000,boost::multiprecision::mpfr_float_backend<64>,yes,exact,320,100,Both,exact,320,100,Both,0,0,257.25,752.25,2.9242,boost::multiprecision::mpfr_float_backend<64>,0,0,0,2.9242,no,-,-,-,-,-,-,-,-
IO,"to_string(near-zero, 15, FIX)",f256,"to_string(near-zero, 15, FIX)",io,primary,2000,boost::multiprecision::mpfr_float_backend<64>,yes,exact,320,100,Both,exact,320,100,Both,0,0,141.637,1105.14,7.80258,boost::multiprecision::mpfr_float_backend<64>,0,0,0,7.80258,yes,-0,313.12,48.925,Both,exact,51.075,8867.89,62.6097
IO,"to_string(near-zero, 15, HEX)",f256,"to_string(near-zero, 15, HEX)",io,primary,2000,boost::multiprecision::mpfr_float_backend<64>,no,exact,320,100,Both,-,-,-,-,-,-,145.887,-,-,-,-,-,-,-,no,-,-,-,-,-,-,-,-
IO,"to_string(near-zero, 15, SCI)",f256,"to_string(near-zero, 15, SCI)",io,primary,2000,boost::multiprecision::mpfr_float_backend<64>,yes,exact,320,100,Both,exact,320,100,Both,0,0,248.938,740.05,2.97283,boost::multiprecision::mpfr_float_backend<64>,0,0,0,2.97283,yes,50.4685,319.865,84.7421,Both,exact,15.2579,1654.95,6.64805
IO,"to_string(near-zero, 31, DEF)",f256,"to_string(near-zero, 31, DEF)",io,primary,2000,boost::multiprecision::mpfr_float_backend<64>,yes,exact,320,100,Both,exact,320,100,Both,0,0,299.75,814.775,2.71818,boost::multiprecision::mpfr_float_backend<64>,0,0,0,2.71818,no,-,-,-,-,-,-,-,-
IO,"to_string(near-zero, 31, FIX)",f256,"to_string(near-zero, 31, FIX)",io,primary,2000,boost::multiprecision::mpfr_float_backend<64>,yes,exact,320,100,Both,exact,320,100,Both,0,0,169.713,1228.39,7.23805,boost::multiprecision::mpfr_float_backend<64>,0,0,0,7.23805,yes,-0,314.119,49.0842,Both,exact,50.9158,12070.4,71.1223
IO,"to_string(near-zero, 31, HEX)",f256,"to_string(near-zero, 31, HEX)",io,primary,2000,boost::multiprecision::mpfr_float_backend<64>,no,exact,320,100,Both,-,-,-,-,-,-,144.213,-,-,-,-,-,-,-,no,-,-,-,-,-,-,-,-
IO,"to_string(near-zero, 31, SCI)",f256,"to_string(near-zero, 31, SCI)",io,primary,2000,boost::multiprecision::mpfr_float_backend<64>,yes,exact,320,100,Both,exact,320,100,Both,0,0,290.3,810.3,2.79125,boost::multiprecision::mpfr_float_backend<64>,0,0,0,2.79125,yes,104.029,319.892,89.8013,Both,exact,10.1987,2509.2,8.64347
IO,"to_string(near-zero, 63, DEF)",f256,"to_string(near-zero, 63, DEF)",io,primary,2000,boost::multiprecision::mpfr_float_backend<64>,yes,exact,320,100,Both,exact,320,100,Both,0,0,395.863,840.925,2.12429,boost::multiprecision::mpfr_float_backend<64>,0,0,0,2.12429,no,-,-,-,-,-,-,-,-
IO,"to_string(near-zero, 63, FIX)",f256,"to_string(near-zero, 63, FIX)",io,primary,2000,boost::multiprecision::mpfr_float_backend<64>,yes,exact,320,100,Both,exact,320,100,Both,0,0,255.863,1352.74,5.28697,boost::multiprecision::mpfr_float_backend<64>,0,0,0,5.28697,yes,0,319.52,79.925,Both,exact,20.075,14102.2,55.1162
IO,"to_string(near-zero, 63, HEX)",f256,"to_string(near-zero, 63, HEX)",io,primary,2000,boost::multiprecision::mpfr_float_backend<64>,no,exact,320,100,Both,-,-,-,-,-,-,145.238,-,-,-,-,-,-,-,no,-,-,-,-,-,-,-,-
IO,"to_string(near-zero, 63, SCI)",f256,"to_string(near-zero, 63, SCI)",io,primary,2000,boost::multiprecision::mpfr_float_backend<64>,yes,exact,320,100,Both,exact,320,100,Both,0,0,385.05,855.325,2.22133,boost::multiprecision::mpfr_float_backend<64>,0,0,0,2.22133,yes,212.188,319.731,100,Both,exact,0,4201.5,10.9116
IO,"to_string(round-bdr, rng, DEF)",f256,"to_string(round-bdr, rng, DEF)",io,primary,2000,boost::multiprecision::mpfr_float_backend<64>,yes,0,314.88,49.2,Both,0,314.88,49.2,Both,0,0,302.925,885.25,2.92234,boost::multiprecision::mpfr_float_backend<64>,0,0,0,2.92234,no,-,-,-,-,-,-,-,-
IO,"to_string(round-bdr, rng, FIX)",f256,"to_string(round-bdr, rng, FIX)",io,primary,2000,boost::multiprecision::mpfr_float_backend<64>,yes,exact,320,100,Both,exact,320,100,Both,0,0,218.512,1705.45,7.80482,boost::multiprecision::mpfr_float_backend<64>,0,0,0,7.80482,yes,0,294.195,46.0917,Both,exact,53.9083,13213.4,60.4696
IO,"to_string(round-bdr, rng, HEX)",f256,"to_string(round-bdr, rng, HEX)",io,primary,2000,boost::multiprecision::mpfr_float_backend<64>,no,exact,320,100,Both,-,-,-,-,-,-,137.9,-,-,-,-,-,-,-,no,-,-,-,-,-,-,-,-
IO,"to_string(round-bdr, rng, SCI)",f256,"to_string(round-bdr, rng, SCI)",io,primary,2000,boost::multiprecision::mpfr_float_backend<64>,yes,0,314.08,49.075,Both,0,314.08,49.075,Both,0,0,268.8,910.438,3.38704,boost::multiprecision::mpfr_float_backend<64>,0,0,0,3.38704,yes,0,200.35,36.1715,Both,0,12.9035,2317.82,8.62286
IO,"to_string(subnormal, 15, DEF)",f256,"to_string(subnormal, 15, DEF)",io,primary,2000,boost::multiprecision::mpfr_float_backend<64>,yes,exact,320,100,Both,exact,320,100,Both,0,0,628.35,806.688,1.28382,boost::multiprecision::mpfr_float_backend<64>,0,0,0,1.28382,no,-,-,-,-,-,-,-,-
IO,"to_string(subnormal, 15, FIX)",f256,"to_string(subnormal, 15, FIX)",io,primary,2000,boost::multiprecision::mpfr_float_backend<64>,yes,exact,320,100,Both,exact,320,100,Both,0,0,70.8625,1184.19,16.7111,boost::multiprecision::mpfr_float_backend<64>,0,0,0,16.7111,yes,0,0,0,Both,exact,100,9.8875,0.139531
IO,"to_string(subnormal, 15, HEX)",f256,"to_string(subnormal, 15, HEX)",io,primary,2000,boost::multiprecision::mpfr_float_backend<64>,no,exact,320,100,Both,-,-,-,-,-,-,103.338,-,-,-,-,-,-,-,no,-,-,-,-,-,-,-,-
IO,"to_string(subnormal, 15, SCI)",f256,"to_string(subnormal, 15, SCI)",io,primary,2000,boost::multiprecision::mpfr_float_backend<64>,yes,exact,320,100,Both,exact,320,100,Both,0,0,631.987,816.712,1.29229,boost::multiprecision::mpfr_float_backend<64>,0,0,0,1.29229,yes,0,0,0,Both,exact,100,8.9875,0.014221
IO,"to_string(subnormal, 31, DEF)",f256,"to_string(subnormal, 31, DEF)",io,primary,2000,boost::multiprecision::mpfr_float_backend<64>,yes,exact,320,100,Both,exact,320,100,Both,0,0,675.837,867.125,1.28304,boost::multiprecision::mpfr_float_backend<64>,0,0,0,1.28304,no,-,-,-,-,-,-,-,-
IO,"to_string(subnormal, 31, FIX)",f256,"to_string(subnormal, 31, FIX)",io,primary,2000,boost::multiprecision::mpfr_float_backend<64>,yes,exact,320,100,Both,exact,320,100,Both,0,0,79.8625,1254.84,15.7125,boost::multiprecision::mpfr_float_backend<64>,0,0,0,15.7125,yes,0,0,0,Both,exact,100,10.2875,0.128815
IO,"to_string(subnormal, 31, HEX)",f256,"to_string(subnormal, 31, HEX)",io,primary,2000,boost::multiprecision::mpfr_float_backend<64>,no,exact,320,100,Both,-,-,-,-,-,-,103.575,-,-,-,-,-,-,-,no,-,-,-,-,-,-,-,-
IO,"to_string(subnormal, 31, SCI)",f256,"to_string(subnormal, 31, SCI)",io,primary,2000,boost::multiprecision::mpfr_float_backend<64>,yes,exact,320,100,Both,exact,320,100,Both,0,0,673.75,872.05,1.29432,boost::multiprecision::mpfr_float_backend<64>,0,0,0,1.29432,yes,0,0,0,Both,exact,100,10.2125,0.0151577
IO,"to_string(subnormal, 63, DEF)",f256,"to_string(subnormal, 63, DEF)",io,primary,2000,boost::multiprecision::mpfr_float_backend<64>,yes,exact,320,100,Both,exact,320,100,Both,0,0,770.05,881.75,1.14506,boost::multiprecision::mpfr_float_backend<64>,0,0,0,1.14506,no,-,-,-,-,-,-,-,-
IO,"to_string(subnormal, 63, FIX)",f256,"to_string(subnormal, 63, FIX)",io,primary,2000,boost::multiprecision::mpfr_float_backend<64>,yes,exact,320,100,Both,exact,320,100,Both,0,0,107.375,1292.01,12.0327,boost::multiprecision::mpfr_float_backend<64>,0,0,0,12.0327,yes,0,0,0,Both,exact,100,8.8875,0.0827707
IO,"to_string(subnormal, 63, HEX)",f256,"to_string(subnormal, 63, HEX)",io,primary,2000,boost::multiprecision::mpfr_float_backend<64>,no,exact,320,100,Both,-,-,-,-,-,-,103.275,-,-,-,-,-,-,-,no,-,-,-,-,-,-,-,-
IO,"to_string(subnormal, 63, SCI)",f256,"to_string(subnormal, 63, SCI)",io,primary,2000,boost::multiprecision::mpfr_float_backend<64>,yes,exact,320,100,Both,exact,320,100,Both,0,0,786.163,917.938,1.16762,boost::multiprecision::mpfr_float_backend<64>,0,0,0,1.16762,yes,0,0,0,Both,exact,100,8.8375,0.0112413
IO,"to_string(unit, 15, DEF)",f256,"to_string(unit, 15, DEF)",io,primary,2000,boost::multiprecision::mpfr_float_backend<64>,yes,exact,320,100,Both,exact,320,100,Both,0,0,267.288,676.65,2.53154,boost::multiprecision::mpfr_float_backend<64>,0,0,0,2.53154,no,-,-,-,-,-,-,-,-
IO,"to_string(unit, 15, FIX)",f256,"to_string(unit, 15, FIX)",io,primary,2000,boost::multiprecision::mpfr_float_backend<64>,yes,exact,320,100,Both,exact,320,100,Both,0,0,166.512,1053.28,6.3255,boost::multiprecision::mpfr_float_backend<64>,0,0,0,6.3255,yes,0,319.68,79.95,Both,exact,20.05,13444.5,80.7415
IO,"to_string(unit, 15, HEX)",f256,"to_string(unit, 15, HEX)",io,primary,2000,boost::multiprecision::mpfr_float_backend<64>,no,exact,320,100,Both,-,-,-,-,-,-,135.088,-,-,-,-,-,-,-,no,-,-,-,-,-,-,-,-
IO,"to_string(unit, 15, SCI)",f256,"to_string(unit, 15, SCI)",io,primary,2000,boost::multiprecision::mpfr_float_backend<64>,yes,exact,320,100,Both,exact,320,100,Both,0,0,211.562,713.388,3.37199,boost::multiprecision::mpfr_float_backend<64>,0,0,0,3.37199,yes,exact,320,100,Both,0,0,1350.22,6.38216
IO,"to_string(unit, 31, DEF)",f256,"to_string(unit, 31, DEF)",io,primary,2000,boost::multiprecision::mpfr_float_backend<64>,yes,exact,320,100,Both,exact,320,100,Both,0,0,308.212,792.237,2.57043,boost::multiprecision::mpfr_float_backend<64>,0,0,0,2.57043,no,-,-,-,-,-,-,-,-
IO,"to_string(unit, 31, FIX)",f256,"to_string(unit, 31, FIX)",io,primary,2000,boost::multiprecision::mpfr_float_backend<64>,yes,exact,320,100,Both,exact,320,100,Both,0,0,209.9,1270.58,6.05324,boost::multiprecision::mpfr_float_backend<64>,0,0,0,6.05324,yes,0,319.68,79.95,Both,exact,20.05,13439.4,64.0278
IO,"to_string(unit, 31, HEX)",f256,"to_string(unit, 31, HEX)",io,primary,2000,boost::multiprecision::mpfr_float_backend<64>,no,exact,320,100,Both,-,-,-,-,-,-,138.325,-,-,-,-,-,-,-,no,-,-,-,-,-,-,-,-
IO,"to_string(unit, 31, SCI)",f256,"to_string(unit, 31, SCI)",io,primary,2000,boost::multiprecision::mpfr_float_backend<64>,yes,exact,320,100,Both,exact,320,100,Both,0,0,253.8,784.663,3.09166,boost::multiprecision::mpfr_float_backend<64>,0,0,0,3.09166,yes,104.287,319.892,89.8257,Both,exact,10.1743,2206.55,8.69405
IO,"to_string(unit, 63, DEF)",f256,"to_string(unit, 63, DEF)",io,primary,2000,boost::multiprecision::mpfr_float_backend<64>,yes,exact,320,100,Both,exact,320,100,Both,0,0,393.15,812.138,2.06572,boost::multiprecision::mpfr_float_backend<64>,0,0,0,2.06572,no,-,-,-,-,-,-,-,-
IO,"to_string(unit, 63, FIX)",f256,"to_string(unit, 63, FIX)",io,primary,2000,boost::multiprecision::mpfr_float_backend<64>,yes,exact,320,100,Both,exact,320,100,Both,0,0,292.663,1278.36,4.36804,boost::multiprecision::mpfr_float_backend<64>,0,0,0,4.36804,yes,0,298.328,79.95,Both,exact,20.05,13888.5,47.4557
IO,"to_string(unit, 63, HEX)",f256,"to_string(unit, 63, HEX)",io,primary,2000,boost::multiprecision::mpfr_float_backend<64>,no,exact,320,100,Both,-,-,-,-,-,-,134.887,-,-,-,-,-,-,-,no,-,-,-,-,-,-,-,-
IO,"to_string(unit, 63, SCI)",f256,"to_string(unit, 63, SCI)",io,primary,2000,boost::multiprecision::mpfr_float_backend<64>,yes,exact,320,100,Both,exact,320,100,Both,0,0,325.775,854.225,2.62213,boost::multiprecision::mpfr_float_backend<64>,0,0,0,2.62213,yes,211.983,319.892,99.9984,Both,exact,0.00163473,3930.15,12.064
IO,to_string (average),f256,to_string (average),io,primary,16000,boost::multiprecision::mpfr_float_backend<64>,yes,120,317.7,72.1406,Both,106.667,317.04,66.2042,Both,13.3333,5.93646,401.997,1156.09,2.87587,boost::multiprecision::mpfr_float_backend<64>,0.66,13.3333,5.93646,2.87587,yes,0,266.17,42.8058,Both,120,29.3348,2286.5,5.68786
IO,"parse(large-int, DEF)",f256,"parse(large-int, DEF)",io,primary,2000,boost::multiprecision::mpfr_float_backend<64>,yes,exact,320,100,Both,214.004,275.695,100,Both,exact,0,323.212,762.562,2.35932,qdpp (qd_real),exact,106.51,0,7.16027,yes,213.49,305.889,100,No,exact,0,2314.29,7.16027
IO,"parse(large-int, FIX)",f256,"parse(large-int, FIX)",io,primary,2000,boost::multiprecision::mpfr_float_backend<64>,yes,exact,320,100,Both,214.009,277.32,100,Both,exact,0,369.188,859.7,2.32863,qdpp (qd_real),exact,107.422,0,8.56452,yes,212.578,288.15,100,No,exact,0,3161.91,8.56452
IO,"parse(large-int, HEX)",f256,"parse(large-int, HEX)",io,primary,2000,boost::multiprecision::mpfr_float_backend<64>,no,exact,320,100,Both,-,-,-,-,-,-,165.75,-,-,-,-,-,-,-,no,-,-,-,-,-,-,-,-
IO,"parse(large-int, SCI)",f256,"parse(large-int, SCI)",io,primary,2000,boost::multiprecision::mpfr_float_backend<64>,yes,exact,320,100,Both,214.018,274.518,100,Both,exact,0,295.275,754.587,2.55554,qdpp (qd_real),exact,106.725,0,6.92583,yes,213.275,307.064,100,No,exact,0,2045.03,6.92583
IO,"parse(max-exp, DEF)",f256,"parse(max-exp, DEF)",io,primary,2000,boost::multiprecision::mpfr_float_backend<64>,yes,exact,320,100,Both,214,231.004,100,Both,exact,0,357.425,798.788,2.23484,qdpp (qd_real),exact,106.331,0,6.17245,yes,213.669,238.103,100,No,exact,0,2206.19,6.17245
IO,"parse(max-exp, FIX)",f256,"parse(max-exp, FIX)",io,primary,2000,boost::multiprecision::mpfr_float_backend<64>,yes,exact,320,100,Both,214.002,231.996,100,Both,exact,0,767.038,2012.8,2.62412,boost::multiprecision::mpfr_float_backend<64>,exact,105.998,0,2.62412,yes,211.107,218.574,99.854,No,exact,0.145979,14142.8,18.4382
IO,"parse(max-exp, HEX)",f256,"parse(max-exp, HEX)",io,primary,2000,boost::multiprecision::mpfr_float_backend<64>,no,exact,320,100,Both,-,-,-,-,-,-,159.537,-,-,-,-,-,-,-,no,-,-,-,-,-,-,-,-
IO,"parse(max-exp, SCI)",f256,"parse(max-exp, SCI)",io,primary,2000,boost::multiprecision::mpfr_float_backend<64>,yes,exact,320,100,Both,214.001,230.826,100,Both,exact,0,351.762,780.087,2.21765,qdpp (qd_real),exact,106.579,0,5.89876,yes,213.421,239.025,100,No,exact,0,2074.96,5.89876
IO,"parse(medium, DEF)",f256,"parse(medium, DEF)",io,primary,2000,boost::multiprecision::mpfr_float_backend<64>,yes,exact,320,100,Both,214.005,246.636,100,Both,exact,0,434.962,732.763,1.68466,qdpp (qd_real),exact,106.848,0,5.08205,yes,213.152,281.066,100,No,exact,0,2210.5,5.08205
IO,"parse(medium, FIX)",f256,"parse(medium, FIX)",io,primary,2000,boost::multiprecision::mpfr_float_backend<64>,yes,exact,320,100,Both,214.001,247.062,100,Both,exact,0,432.45,725.638,1.67797,qdpp (qd_real),exact,106.019,0,4.99303,yes,213.981,279.377,100,No,exact,0,2159.24,4.99303
IO,"parse(medium, HEX)",f256,"parse(medium, HEX)",io,primary,2000,boost::multiprecision::mpfr_float_backend<64>,no,exact,320,100,Both,-,-,-,-,-,-,162.4,-,-,-,-,-,-,-,no,-,-,-,-,-,-,-,-
IO,"parse(medium, SCI)",f256,"parse(medium, SCI)",io,primary,2000,boost::multiprecision::mpfr_float_backend<64>,yes,exact,320,100,Both,214.002,246.133,100,Both,exact,0,434.725,764.188,1.75786,qdpp (qd_real),exact,106.097,0,5.09118,yes,213.903,280.147,100,No,exact,0,2213.26,5.09118
IO,"parse(near-zero, DEF)",f256,"parse(near-zero, DEF)",io,primary,2000,boost::multiprecision::mpfr_float_backend<64>,yes,exact,320,100,Both,214,231.511,100,Both,exact,0,533.413,800.388,1.5005,qdpp (qd_real),exact,106.335,0,4.24828,yes,213.665,269.113,100,No,exact,0,2266.09,4.24828
IO,"parse(near-zero, FIX)",f256,"parse(near-zero, FIX)",io,primary,2000,boost::multiprecision::mpfr_float_backend<64>,yes,exact,320,100,Both,214.009,231.043,100,Both,exact,0,554.013,914.413,1.65053,qdpp (qd_real),exact,199.021,23.8618,5.73626,yes,120.979,246.47,76.1382,No,exact,23.8618,3177.96,5.73626
IO,"parse(near-zero, HEX)",f256,"parse(near-zero, HEX)",io,primary,2000,boost::multiprecision::mpfr_float_backend<64>,no,exact,320,100,Both,-,-,-,-,-,-,164.488,-,-,-,-,-,-,-,no,-,-,-,-,-,-,-,-
IO,"parse(near-zero, SCI)",f256,"parse(near-zero, SCI)",io,primary,2000,boost::multiprecision::mpfr_float_backend<64>,yes,exact,320,100,Both,214.002,231.707,100,Both,exact,0,540.288,812.038,1.50297,qdpp (qd_real),exact,106.886,0,4.27849,yes,213.114,270.945,100,No,exact,0,2311.61,4.27849
IO,"parse(rnd_prec, DEF, brute-bdr)",f256,"parse(rnd_prec, DEF, brute-bdr)",io,primary,2000,boost::multiprecision::mpfr_float_backend<64>,yes,265.256,314.749,100,Both,214.017,246.263,100,Both,51.2388,0,404.7,728.812,1.80087,qdpp (qd_real),38.089,51.1872,0,5.09739,yes,214.068,276.66,100,No,51.1872,0,2062.91,5.09739
IO,"parse(rnd_prec, DEF, brute-log)",f256,"parse(rnd_prec, DEF, brute-log)",io,primary,2000,boost::multiprecision::mpfr_float_backend<64>,yes,104.955,319.781,99.9132,Both,3.59956,222.682,100,Both,101.356,-0.0867526,605.788,774.188,1.27799,qdpp (qd_real),89.0998,104.955,55.2691,3.30006,yes,0,230.682,44.6442,No,104.955,55.2691,1999.14,3.30006
IO,"parse(rnd_prec, DEF, carry-bdr)",f256,"parse(rnd_prec, DEF, carry-bdr)",io,primary,2000,boost::multiprecision::mpfr_float_backend<64>,yes,261.253,304.155,100,Both,214.034,228.762,100,Both,47.2193,0,412.712,753.775,1.82639,qdpp (qd_real),47.6665,47.1851,0,4.91916,yes,214.068,256.489,100,No,47.1851,0,2030.2,4.91916
IO,"parse(rnd_prec, DEF, def-bdr)",f256,"parse(rnd_prec, DEF, def-bdr)",io,primary,2000,boost::multiprecision::mpfr_float_backend<64>,yes,261.253,303.728,100,Both,214.034,229.497,100,Both,47.2193,0,406.8,755.675,1.85761,qdpp (qd_real),46.0519,47.1851,0,5.06324,yes,214.068,257.676,100,No,47.1851,0,2059.72,5.06324
IO,"parse(rnd_prec, DEF, round-bdr)",f256,"parse(rnd_prec, DEF, round-bdr)",io,primary,2000,boost::multiprecision::mpfr_float_backend<64>,yes,261.253,303.456,100,Both,214.034,229.55,100,Both,47.2193,0,396.725,745.275,1.87857,qdpp (qd_real),45.0775,46.5754,0,5.15121,yes,214.678,258.379,100,No,46.5754,0,2043.61,5.15121
IO,"parse(rnd_prec, FIX, brute-bdr)",f256,"parse(rnd_prec, FIX, brute-bdr)",io,primary,2000,boost::multiprecision::mpfr_float_backend<64>,yes,264.943,312.148,100,Both,214.023,237.228,100,Both,50.9202,0,491.113,1183.06,2.40894,qdpp (qd_real),52.3668,144.248,20.4046,5.83525,yes,120.695,259.781,79.5954,No,144.248,20.4046,2865.76,5.83525
IO,"parse(rnd_prec, FIX, brute-log)",f256,"parse(rnd_prec, FIX, brute-log)",io,primary,2000,boost::multiprecision::mpfr_float_backend<64>,yes,103.359,319.892,99.8767,Both,4.48209,224.483,100,Both,98.8774,-0.123331,799.475,1520.08,1.90134,boost::multiprecision::mpfr_float_backend<64>,95.4088,98.8774,-0.123331,1.90134,yes,-0,139.34,28.7235,No,103.359,71.1532,5727.94,7.16462
IO,"parse(rnd_prec, FIX, carry-bdr)",f256,"parse(rnd_prec, FIX, carry-bdr)",io,primary,2000,boost::multiprecision::mpfr_float_backend<64>,yes,264.943,289.914,100,Both,214.288,220.296,100,Both,50.6557,0,419.863,751.7,1.79035,qdpp (qd_real),54.8725,49.9776,0,5.43425,yes,214.966,235.042,100,No,49.9776,0,2281.64,5.43425
IO,"parse(rnd_prec, FIX, def-bdr)",f256,"parse(rnd_prec, FIX, def-bdr)",io,primary,2000,boost::multiprecision::mpfr_float_backend<64>,yes,264.943,291.148,100,Both,214.288,220.347,100,Both,50.6557,0,413.475,740.975,1.79207,qdpp (qd_real),55.8419,49.9776,0,5.38449,yes,214.966,235.306,100,No,49.9776,0,2226.35,5.38449
IO,"parse(rnd_prec, FIX, fixed-frac)",f256,"parse(rnd_prec, FIX, fixed-frac)",io,primary,2000,boost::multiprecision::mpfr_float_backend<64>,yes,exact,320,100,Both,214,230.042,100,Both,exact,0,557.375,905.362,1.62433,qdpp (qd_real),exact,200.039,23.5474,5.62,yes,119.961,250.778,76.4526,No,exact,23.5474,3132.45,5.62
IO,"parse(rnd_prec, FIX, fixed-int)",f256,"parse(rnd_prec, FIX, fixed-int)",io,primary,2000,boost::multiprecision::mpfr_float_backend<64>,yes,exact,320,100,Both,214.005,267.343,100,Both,exact,0,394.762,928.3,2.35154,qdpp (qd_real),exact,107.589,0,9.18068,yes,212.411,274.945,100,No,exact,0,3624.19,9.18068
IO,"parse(rnd_prec, FIX, round-bdr)",f256,"parse(rnd_prec, FIX, round-bdr)",io,primary,2000,boost::multiprecision::mpfr_float_backend<64>,yes,264.943,290.551,100,Both,214.288,219.883,100,Both,50.6557,0,418.05,743.45,1.77838,qdpp (qd_real),55.5557,49.9776,0,5.42456,yes,214.966,234.996,100,No,49.9776,0,2267.74,5.42456
IO,"parse(rnd_prec, HEX, brute-bdr)",f256,"parse(rnd_prec, HEX, brute-bdr)",io,primary,2000,boost::multiprecision::mpfr_float_backend<64>,no,exact,320,100,Both,-,-,-,-,-,-,188.387,-,-,-,-,-,-,-,no,-,-,-,-,-,-,-,-
IO,"parse(rnd_prec, HEX, brute-log)",f256,"parse(rnd_prec, HEX, brute-log)",io,primary,2000,boost::multiprecision::mpfr_float_backend<64>,no,exact,320,100,Both,-,-,-,-,-,-,166.387,-,-,-,-,-,-,-,no,-,-,-,-,-,-,-,-
IO,"parse(rnd_prec, HEX, carry-bdr)",f256,"parse(rnd_prec, HEX, carry-bdr)",io,primary,2000,boost::multiprecision::mpfr_float_backend<64>,no,exact,320,100,Both,-,-,-,-,-,-,183.963,-,-,-,-,-,-,-,no,-,-,-,-,-,-,-,-
IO,"parse(rnd_prec, HEX, def-bdr)",f256,"parse(rnd_prec, HEX, def-bdr)",io,primary,2000,boost::multiprecision::mpfr_float_backend<64>,no,exact,320,100,Both,-,-,-,-,-,-,189.762,-,-,-,-,-,-,-,no,-,-,-,-,-,-,-,-
IO,"parse(rnd_prec, HEX, round-bdr)",f256,"parse(rnd_prec, HEX, round-bdr)",io,primary,2000,boost::multiprecision::mpfr_float_backend<64>,no,exact,320,100,Both,-,-,-,-,-,-,188.938,-,-,-,-,-,-,-,no,-,-,-,-,-,-,-,-
IO,"parse(rnd_prec, SCI, brute-bdr)",f256,"parse(rnd_prec, SCI, brute-bdr)",io,primary,2000,boost::multiprecision::mpfr_float_backend<64>,yes,261.253,311.701,100,Both,214.006,230.918,100,Both,47.2478,0,464.5,787.038,1.69438,qdpp (qd_real),46.497,47.1851,0,4.63326,yes,214.068,265.204,100,No,47.1851,0,2152.15,4.63326
IO,"parse(rnd_prec, SCI, brute-log)",f256,"parse(rnd_prec, SCI, brute-log)",io,primary,2000,boost::multiprecision::mpfr_float_backend<64>,yes,exact,320,100,Both,3.44723,224.482,100,Both,exact,0,621.85,815.962,1.31215,qdpp (qd_real),exact,320,55.136,3.62591,yes,0,232.24,44.864,No,exact,55.136,2254.78,3.62591
IO,"parse(rnd_prec, SCI, carry-bdr)",f256,"parse(rnd_prec, SCI, carry-bdr)",io,primary,2000,boost::multiprecision::mpfr_float_backend<64>,yes,263.575,303.121,100,Both,214.034,229.423,100,Both,49.5412,0,408.7,755.3,1.84805,qdpp (qd_real),45.977,49.507,0,5.1357,yes,214.068,257.144,100,No,49.507,0,2098.96,5.1357
IO,"parse(rnd_prec, SCI, def-bdr)",f256,"parse(rnd_prec, SCI, def-bdr)",io,primary,2000,boost::multiprecision::mpfr_float_backend<64>,yes,264.575,303.649,100,Both,214.034,227.716,100,Both,50.5412,0,402.062,751.325,1.86868,qdpp (qd_real),48.0734,50.507,0,5.09476,yes,214.068,255.576,100,No,50.507,0,2048.41,5.09476
IO,"parse(rnd_prec, SCI, round-bdr)",f256,"parse(rnd_prec, SCI, round-bdr)",io,primary,2000,boost::multiprecision::mpfr_float_backend<64>,yes,261.253,304.335,100,Both,214.034,228.587,100,Both,47.2193,0,408.262,752.062,1.84211,qdpp (qd_real),45.4226,47.1851,0,5.16273,yes,214.068,258.913,100,No,47.1851,0,2107.75,5.16273
IO,"parse(subnormal, DEF)",f256,"parse(subnormal, DEF)",io,primary,2000,boost::multiprecision::mpfr_float_backend<64>,yes,49.4406,318.652,99.6471,Both,2.15395,29.6008,100,Both,47.2866,-0.352888,1189.12,865.525,0.727867,boost::multiprecision::mpfr_float_backend<64>,289.052,47.2866,-0.352888,0.727867,yes,0,0.186923,0.0499288,No,49.4406,99.5972,2314.21,1.94615
IO,"parse(subnormal, FIX)",f256,"parse(subnormal, FIX)",io,primary,2000,boost::multiprecision::mpfr_float_backend<64>,yes,45.9248,317.566,99.6122,Both,2.1973,30.7264,100,Both,43.7275,-0.387801,1427.17,2408.9,1.68788,boost::multiprecision::mpfr_float_backend<64>,286.84,43.7275,-0.387801,1.68788,yes,-0,0,0,No,45.9248,99.6122,4204.07,2.94573
IO,"parse(subnormal, HEX)",f256,"parse(subnormal, HEX)",io,primary,2000,boost::multiprecision::mpfr_float_backend<64>,no,48.3401,318.52,99.6261,Both,-,-,-,-,-,-,167.775,-,-,-,-,-,-,-,no,-,-,-,-,-,-,-,-
IO,"parse(subnormal, SCI)",f256,"parse(subnormal, SCI)",io,primary,2000,boost::multiprecision::mpfr_float_backend<64>,yes,49.2071,317.439,99.6057,Both,3.14605,30.5918,100,Both,46.0611,-0.394292,1170.6,869.925,0.743145,boost::multiprecision::mpfr_float_backend<64>,286.847,46.0611,-0.394292,0.743145,yes,0,0.0529311,0.0494683,No,49.2071,99.5562,2333.85,1.99372
IO,"parse(unit, DEF)",f256,"parse(unit, DEF)",io,primary,2000,boost::multiprecision::mpfr_float_backend<64>,yes,exact,320,100,Both,214.012,234.393,100,Both,exact,0,476.087,756.45,1.58889,qdpp (qd_real),exact,106.23,0,4.80639,yes,213.77,274.066,100,No,exact,0,2288.26,4.80639
IO,"parse(unit, FIX)",f256,"parse(unit, FIX)",io,primary,2000,boost::multiprecision::mpfr_float_backend<64>,yes,exact,320,100,Both,214.002,233.115,100,Both,exact,0,463.375,740.525,1.59811,qdpp (qd_real),exact,106.194,0,4.72919,yes,213.806,276.761,100,No,exact,0,2191.39,4.72919
IO,"parse(unit, HEX)",f256,"parse(unit, HEX)",io,primary,2000,boost::multiprecision::mpfr_float_backend<64>,no,exact,320,100,Both,-,-,-,-,-,-,161.925,-,-,-,-,-,-,-,no,-,-,-,-,-,-,-,-
IO,"parse(unit, SCI)",f256,"parse(unit, SCI)",io,primary,2000,boost::multiprecision::mpfr_float_backend<64>,yes,exact,320,100,Both,214,232.794,100,Both,exact,0,461.9,773.05,1.67363,qdpp (qd_real),exact,106.085,0,4.84726,yes,213.915,274.306,100,No,exact,0,2238.95,4.84726
IO,parse (average),f256,parse (average),io,primary,16000,boost::multiprecision::mpfr_float_backend<64>,yes,244.971,317.284,99.9737,Both,108.929,231.009,100,Both,136.042,-0.0262605,467.775,968.19,2.06978,qdpp (qd_real),83.2995,153.499,33.6692,6.07937,yes,91.472,233.984,66.3045,No,153.499,33.6692,2843.78,6.07937
Custom operations,round_to_decimals,f256,round_to_decimals,custom,primary,212,boost::multiprecision::mpfr_float_backend<64>,no,exact,320,100,Both,-,-,-,-,-,-,354.992,-,-,-,-,-,-,-,no,-,-,-,-,-,-,-,-
Custom operations,"pow<T>(1, inside[all])",f256,"pow<T>(1, inside[all])",custom,primary,204,boost::multiprecision::mpfr_float_backend<64>,yes,exact,320,100,-,exact,320,100,-,0,0,297.126,178.852,0.60194,boost::multiprecision::mpfr_float_backend<64>,0,0,0,0.60194,yes,exact,320,100,-,0,0,417.154,1.40396
Custom operations,"pow<T>(2, inside[ldexp])",f256,"pow<T>(2, inside[ldexp])",custom,primary,204,boost::multiprecision::mpfr_float_backend<64>,yes,exact,320,100,-,exact,320,100,-,0,0,33.4951,179.437,5.35711,boost::multiprecision::mpfr_float_backend<64>,0,0,0,5.35711,yes,exact,320,100,-,0,0,418.05,12.4809
Custom operations,"pow<T>(4, inside[ldexp])",f256,"pow<T>(4, inside[ldexp])",custom,primary,209,boost::multiprecision::mpfr_float_backend<64>,yes,exact,320,100,-,exact,320,100,-,0,0,33.9688,185.476,5.4602,boost::multiprecision::mpfr_float_backend<64>,0,0,0,5.4602,yes,0,318.469,79.7608,-,exact,20.2392,420.704,12.385
Custom operations,"pow<T>(5, inside[-463,441])",f256,"pow<T>(5, inside[-463,441])",custom,primary,204,boost::multiprecision::mpfr_float_backend<64>,yes,216.039,313.535,100,-,214.039,287.336,100,-,2,0,54.362,404.526,7.44134,boost::multiprecision::mpfr_float_backend<64>,26.1983,2,0,7.44134,yes,0,284.671,48.2843,-,216.039,51.7157,419.257,7.71232
Custom operations,"pow<T>(8, inside[ldexp])",f256,"pow<T>(8, inside[ldexp])",custom,primary,202,boost::multiprecision::mpfr_float_backend<64>,yes,exact,320,100,-,320,320,100,-,exact,0,33.7131,156.336,4.63725,boost::multiprecision::mpfr_float_backend<64>,exact,0,0,4.63725,yes,0,253.465,39.604,-,exact,60.396,428.631,12.7141
Custom operations,"pow<T>(10, inside[-323,308])",f256,"pow<T>(10, inside[-323,308])",custom,primary,184,boost::multiprecision::mpfr_float_backend<64>,yes,exact,320,100,-,214.126,294.023,100,-,exact,0,31.953,385.069,12.0511,boost::multiprecision::mpfr_float_backend<64>,exact,105.874,0,12.0511,yes,0,288.253,48.6413,-,exact,51.3587,401.291,12.5588
Custom operations,"pow<T>(16, inside[ldexp])",f256,"pow<T>(16, inside[ldexp])",custom,primary,196,boost::multiprecision::mpfr_float_backend<64>,yes,exact,320,100,-,320,320,100,-,exact,0,34.8407,139.886,4.015,boost::multiprecision::mpfr_float_backend<64>,exact,0,0,4.015,yes,0,202.449,31.6327,-,exact,68.3673,434.067,12.4586
Custom operations,"pow<T>(20, inside[-249,236])",f256,"pow<T>(20, inside[-249,236])",custom,primary,181,boost::multiprecision::mpfr_float_backend<64>,yes,320,320,100,-,214.104,296.466,100,-,105.896,0,37.9791,359.864,9.47532,boost::multiprecision::mpfr_float_backend<64>,23.5341,105.896,0,9.47532,yes,0,293.997,48.6188,-,320,51.3812,376.758,9.92016
Custom operations,"pow<T>(25, inside[-232,220])",f256,"pow<T>(25, inside[-232,220])",custom,primary,178,boost::multiprecision::mpfr_float_backend<64>,yes,214.922,313.68,100,-,214.059,284.231,100,-,0.863137,0,52.9288,365.258,6.90093,qdpp (qd_real),27.598,214.922,51.1236,7.08204,yes,0,286.082,48.8764,-,214.922,51.1236,374.844,7.08204
Custom operations,"pow<T>(32, inside[ldexp])",f256,"pow<T>(32, inside[ldexp])",custom,primary,194,boost::multiprecision::mpfr_float_backend<64>,yes,exact,320,100,-,320,320,100,-,exact,0,34.5983,125.98,3.64121,boost::multiprecision::mpfr_float_backend<64>,exact,0,0,3.64121,yes,0,171.546,26.8041,-,exact,73.1959,440.199,12.7231
Custom operations,"pow<T>(40, inside[-202,192])",f256,"pow<T>(40, inside[-202,192])",custom,primary,170,boost::multiprecision::mpfr_float_backend<64>,yes,exact,320,100,-,214.104,295.777,100,-,exact,0,37.652,353.716,9.39435,qdpp (qd_real),exact,320,51.1765,9.57725,yes,0,301.527,48.8235,-,exact,51.1765,360.603,9.57725
Custom operations,"pow<T>(50, inside[-191,181])",f256,"pow<T>(50, inside[-191,181])",custom,primary,167,boost::multiprecision::mpfr_float_backend<64>,yes,215.949,318.17,100,-,214.002,286.54,100,-,1.94706,0,45.2495,352.423,7.78843,qdpp (qd_real),31.2767,215.949,51.1976,7.96273,yes,0,286.893,48.8024,-,215.949,51.1976,360.309,7.96273
Custom operations,"pow<T>(64, inside[ldexp])",f256,"pow<T>(64, inside[ldexp])",custom,primary,190,boost::multiprecision::mpfr_float_backend<64>,yes,exact,320,100,-,320,320,100,-,exact,0,34.0634,118.436,3.47693,boost::multiprecision::mpfr_float_backend<64>,exact,0,0,3.47693,yes,0,156.632,24.4737,-,exact,75.5263,445.792,13.0871
Custom operations,"pow<T>(80, inside[-171,161])",f256,"pow<T>(80, inside[-171,161])",custom,primary,161,boost::multiprecision::mpfr_float_backend<64>,yes,exact,320,100,-,214.602,298.999,100,-,exact,0,37.9456,340.662,8.97765,boost::multiprecision::mpfr_float_backend<64>,exact,105.398,0,8.97765,yes,0,303.719,48.7578,-,exact,51.2422,355.035,9.35643
Custom operations,"pow<T>(100, inside[-162,154])",f256,"pow<T>(100, inside[-162,154])",custom,primary,159,boost::multiprecision::mpfr_float_backend<64>,yes,exact,320,100,-,214.002,285.399,100,-,exact,0,38.9238,339.95,8.73371,boost::multiprecision::mpfr_float_backend<64>,exact,105.998,0,8.73371,yes,0,288.555,49.0566,-,exact,50.9434,352.765,9.06296
Custom operations,"pow<T>(125, inside[-155,147])",f256,"pow<T>(125, inside[-155,147])",custom,primary,158,boost::multiprecision::mpfr_float_backend<64>,yes,216.347,317.4,100,-,214.126,282.129,100,-,2.22078,0,52.8606,340.995,6.45083,boost::multiprecision::mpfr_float_backend<64>,35.2713,2.22078,0,6.45083,yes,0,273.093,49.0506,-,216.347,50.9494,352.873,6.67554
Custom operations,"pow<T>(128, inside[ldexp])",f256,"pow<T>(128, inside[ldexp])",custom,primary,189,boost::multiprecision::mpfr_float_backend<64>,yes,exact,320,100,-,320,320,100,-,exact,0,34.2892,110.03,3.20889,boost::multiprecision::mpfr_float_backend<64>,exact,0,0,3.20889,yes,0,142.222,22.2222,-,exact,77.7778,450.686,13.1437
Custom operations,"pow<T>(160, inside[-147,139])",f256,"pow<T>(160, inside[-147,139])",custom,primary,155,boost::multiprecision::mpfr_float_backend<64>,yes,exact,320,100,-,214.227,302.539,100,-,exact,0,37.8727,335.643,8.8624,boost::multiprecision::mpfr_float_backend<64>,exact,105.773,0,8.8624,yes,0,310.484,49.0323,-,exact,50.9677,347.852,9.18475
Custom operations,"pow<T>(200, inside[-141,133])",f256,"pow<T>(200, inside[-141,133])",custom,primary,149,boost::multiprecision::mpfr_float_backend<64>,yes,exact,320,100,-,214.249,286.824,100,-,exact,0,38.5744,337.04,8.7374,boost::multiprecision::mpfr_float_backend<64>,exact,105.751,0,8.7374,yes,0,291.329,48.9933,-,exact,51.0067,350.433,9.0846
Custom operations,"pow<T>(250, inside[-135,128])",f256,"pow<T>(250, inside[-135,128])",custom,primary,148,boost::multiprecision::mpfr_float_backend<64>,yes,320,320,100,-,214.168,284.234,100,-,105.832,0,49.9302,336.818,6.74578,boost::multiprecision::mpfr_float_backend<64>,35.7657,105.832,0,6.74578,yes,0,274.201,48.9865,-,320,51.0135,348.97,6.98916
Custom operations,"pow<T>(256, inside[ldexp])",f256,"pow<T>(256, inside[ldexp])",custom,primary,186,boost::multiprecision::mpfr_float_backend<64>,yes,exact,320,100,-,320,320,100,-,exact,0,34.4235,106.352,3.08952,boost::multiprecision::mpfr_float_backend<64>,exact,0,0,3.08952,yes,0,125.591,19.6237,-,exact,80.3763,447.563,13.0017
Custom operations,"ipow<T>(bases[1,256], finite[-300,300])",f256,"ipow<T>(bases[1,256], finite[-300,300])",custom,primary,82986,boost::multiprecision::mpfr_float_backend<64>,no,213.75,305.927,100,-,-,-,-,-,-,-,232.88,-,-,-,-,-,-,-,no,-,-,-,-,-,-,-,-
Custom operations,"pow<T>(3, outside[fallback])",f256,"pow<T>(3, outside[fallback])",custom,primary,200,boost::multiprecision::mpfr_float_backend<64>,yes,214.874,314.429,100,-,214.005,292.307,100,-,0.869175,0,314.822,420.47,1.33558,boost::multiprecision::mpfr_float_backend<64>,22.1219,0.869175,0,1.33558,yes,214.874,314.941,100,-,0,0,437.945,1.39109
Custom operations,"pow<T>(6, outside[fallback])",f256,"pow<T>(6, outside[fallback])",custom,primary,201,boost::multiprecision::mpfr_float_backend<64>,yes,220.263,318.521,100,-,214.074,292.551,100,-,6.18948,0,273.328,428.284,1.56692,boost::multiprecision::mpfr_float_backend<64>,25.9706,6.18948,0,1.56692,yes,0,273.944,43.0348,-,220.263,56.9652,443.368,1.62211
Custom operations,"pow<T>(7, outside[fallback])",f256,"pow<T>(7, outside[fallback])",custom,primary,199,boost::multiprecision::mpfr_float_backend<64>,yes,214.499,302.848,100,-,214.121,289.982,100,-,0.378205,0,266.648,524.867,1.96839,boost::multiprecision::mpfr_float_backend<64>,12.8654,0.378205,0,1.96839,yes,0,235.657,40.201,-,214.499,59.799,456.077,1.71041
Custom operations,"pow<T>(9, outside[fallback])",f256,"pow<T>(9, outside[fallback])",custom,primary,198,boost::multiprecision::mpfr_float_backend<64>,yes,215.782,310.737,100,-,214.188,290.521,100,-,1.594,0,242.091,429.743,1.77513,boost::multiprecision::mpfr_float_backend<64>,20.2154,1.594,0,1.77513,yes,0,236.399,38.3838,-,215.782,61.6162,450.299,1.86004
Custom operations,"pow<T>(10, outside[-323,308])",f256,"pow<T>(10, outside[-323,308])",custom,primary,110,boost::multiprecision::mpfr_float_backend<64>,yes,exact,320,100,-,0,232.727,36.3636,-,exact,63.6364,34.1633,590.669,17.2896,boost::multiprecision::mpfr_float_backend<64>,exact,320,63.6364,17.2896,yes,0,0,0,-,exact,100,499.393,14.6178
Custom operations,"pow<T>(11, outside[fallback])",f256,"pow<T>(11, outside[fallback])",custom,primary,196,boost::multiprecision::mpfr_float_backend<64>,yes,214.264,304.115,100,-,214.076,295.634,100,-,0.187602,0,223.395,432.412,1.93564,boost::multiprecision::mpfr_float_backend<64>,8.48112,0.187602,0,1.93564,yes,0,213.784,35.7143,-,214.264,64.2857,450.431,2.0163
Custom operations,"pow<T>(12, outside[fallback])",f256,"pow<T>(12, outside[fallback])",custom,primary,195,boost::multiprecision::mpfr_float_backend<64>,yes,320,320,100,-,214.313,303.094,100,-,105.687,0,217.478,432.273,1.98766,boost::multiprecision::mpfr_float_backend<64>,16.9058,105.687,0,1.98766,yes,0,221.538,34.6154,-,320,65.3846,453.679,2.08609
Custom operations,"pow<T>(13, outside[fallback])",f256,"pow<T>(13, outside[fallback])",custom,primary,195,boost::multiprecision::mpfr_float_backend<64>,yes,214.802,309.52,100,-,214.053,293.738,100,-,0.748809,0,211.772,441.643,2.08546,boost::multiprecision::mpfr_float_backend<64>,15.7821,0.748809,0,2.08546,yes,0,191.894,34.1026,-,214.802,65.8974,452.529,2.13687
Custom operations,"pow<T>(14, outside[fallback])",f256,"pow<T>(14, outside[fallback])",custom,primary,195,boost::multiprecision::mpfr_float_backend<64>,yes,214.499,307.301,100,-,214.121,295.355,100,-,0.378205,0,207.792,443.776,2.13568,boost::multiprecision::mpfr_float_backend<64>,11.9459,0.378205,0,2.13568,yes,0,200.049,33.3333,-,214.499,66.6667,451.232,2.17156
Custom operations,"pow<T>(15, outside[fallback])",f256,"pow<T>(15, outside[fallback])",custom,primary,195,boost::multiprecision::mpfr_float_backend<64>,yes,214.261,304.119,100,-,214.082,293.323,100,-,0.17881,0,202.26,435.168,2.15152,boost::multiprecision::mpfr_float_backend<64>,10.7966,0.17881,0,2.15152,yes,0,188.088,32.8205,-,214.261,67.1795,446.985,2.20995
Custom operations,"pow<T>(17, outside[fallback])",f256,"pow<T>(17, outside[fallback])",custom,primary,192,boost::multiprecision::mpfr_float_backend<64>,yes,214.667,310.424,100,-,214.159,296.304,100,-,0.50808,0,191.923,434.158,2.26214,boost::multiprecision::mpfr_float_backend<64>,14.1194,0.50808,0,2.26214,yes,0,173.711,30.9896,-,214.667,69.0104,444.55,2.31629
Custom operations,"pow<T>(18, outside[fallback])",f256,"pow<T>(18, outside[fallback])",custom,primary,192,boost::multiprecision::mpfr_float_backend<64>,yes,215.782,315.242,100,-,214.188,297.069,100,-,1.594,0,186.082,423.074,2.27359,boost::multiprecision::mpfr_float_backend<64>,18.1726,1.594,0,2.27359,yes,0,190.242,30.4688,-,215.782,69.5312,440.284,2.36607
Custom operations,"pow<T>(19, outside[fallback])",f256,"pow<T>(19, outside[fallback])",custom,primary,191,boost::multiprecision::mpfr_float_backend<64>,yes,214.958,314.629,100,-,214.016,297.613,100,-,0.94197,0,182.825,417.918,2.2859,boost::multiprecision::mpfr_float_backend<64>,17.0154,0.94197,0,2.2859,yes,0,178.654,30.1047,-,214.958,69.8953,442.55,2.42063
Custom operations,"pow<T>(21, outside[fallback])",f256,"pow<T>(21, outside[fallback])",custom,primary,190,boost::multiprecision::mpfr_float_backend<64>,yes,214.287,304.782,100,-,214.112,298.808,100,-,0.174226,0,173.462,434.575,2.5053,boost::multiprecision::mpfr_float_backend<64>,5.97458,0.174226,0,2.5053,yes,0,174.462,28.9474,-,214.287,71.0526,447.665,2.58077
Custom operations,"pow<T>(22, outside[fallback])",f256,"pow<T>(22, outside[fallback])",custom,primary,191,boost::multiprecision::mpfr_float_backend<64>,yes,215.021,309.166,100,-,214.076,301.348,100,-,0.945222,0,169.474,431.341,2.54518,boost::multiprecision::mpfr_float_backend<64>,7.81786,0.945222,0,2.54518,yes,0,171.783,28.534,-,215.021,71.466,448.965,2.64917
Custom operations,"pow<T>(23, outside[fallback])",f256,"pow<T>(23, outside[fallback])",custom,primary,191,boost::multiprecision::mpfr_float_backend<64>,yes,215.398,312.543,100,-,214.163,297.069,100,-,1.23562,0,167.317,431.486,2.57885,boost::multiprecision::mpfr_float_backend<64>,15.4739,1.23562,0,2.57885,yes,0,160.595,28.2723,-,215.398,71.7277,449.726,2.68786
Custom operations,"pow<T>(24, outside[fallback])",f256,"pow<T>(24, outside[fallback])",custom,primary,192,boost::multiprecision::mpfr_float_backend<64>,yes,320,320,100,-,214.313,309.586,100,-,105.687,0,163.213,426.966,2.61601,boost::multiprecision::mpfr_float_backend<64>,10.4138,105.687,0,2.61601,yes,0,181.667,28.3854,-,320,71.6146,443.242,2.71573
Custom operations,"pow<T>(26, outside[fallback])",f256,"pow<T>(26, outside[fallback])",custom,primary,192,boost::multiprecision::mpfr_float_backend<64>,yes,215.758,314.673,100,-,214.053,300.788,100,-,1.70484,0,161.077,431.751,2.6804,boost::multiprecision::mpfr_float_backend<64>,13.8853,1.70484,0,2.6804,yes,0,160.376,28.125,-,215.758,71.875,442.711,2.74844
Custom operations,"pow<T>(27, outside[fallback])",f256,"pow<T>(27, outside[fallback])",custom,primary,191,boost::multiprecision::mpfr_float_backend<64>,yes,214.37,302.535,100,-,214.302,298.563,100,-,0.0676876,0,160.314,423.637,2.64255,boost::multiprecision::mpfr_float_backend<64>,3.97149,0.0676876,0,2.64255,yes,0,164.724,28.0105,-,214.37,71.9895,444.777,2.77441
Custom operations,"pow<T>(28, outside[fallback])",f256,"pow<T>(28, outside[fallback])",custom,primary,191,boost::multiprecision::mpfr_float_backend<64>,yes,214.718,312.454,100,-,214.121,300.158,100,-,0.597166,0,160.551,442.334,2.7551,boost::multiprecision::mpfr_float_backend<64>,12.2959,0.597166,0,2.7551,yes,0,171.721,28.0105,-,214.718,71.9895,446.101,2.77856
Custom operations,"pow<T>(29, outside[fallback])",f256,"pow<T>(29, outside[fallback])",custom,primary,191,boost::multiprecision::mpfr_float_backend<64>,yes,215.958,312.516,100,-,214.318,300.177,100,-,1.63969,0,159.437,439.85,2.75878,boost::multiprecision::mpfr_float_backend<64>,12.3388,1.63969,0,2.75878,yes,0,157.834,27.4869,-,215.958,72.5131,448.783,2.81481
Custom operations,"pow<T>(30, outside[fallback])",f256,"pow<T>(30, outside[fallback])",custom,primary,190,boost::multiprecision::mpfr_float_backend<64>,yes,216.192,311.369,100,-,214.082,299.525,100,-,2.1099,0,157.256,438.434,2.78802,boost::multiprecision::mpfr_float_backend<64>,11.8445,2.1099,0,2.78802,yes,0,157.554,26.8421,-,216.192,73.1579,447.144,2.84341
Custom operations,"pow<T>(31, outside[fallback])",f256,"pow<T>(31, outside[fallback])",custom,primary,191,boost::multiprecision::mpfr_float_backend<64>,yes,216.183,310.445,100,-,214.038,298.77,100,-,2.14509,0,155.577,441.189,2.83582,boost::multiprecision::mpfr_float_backend<64>,11.6744,2.14509,0,2.83582,yes,0,155.709,26.7016,-,216.183,73.2984,447.806,2.87835
Custom operations,"pow<T>(33, outside[fallback])",f256,"pow<T>(33, outside[fallback])",custom,primary,190,boost::multiprecision::mpfr_float_backend<64>,yes,216.124,311.885,100,-,214.103,302.05,100,-,2.02106,0,156.196,428.102,2.7408,boost::multiprecision::mpfr_float_backend<64>,9.83488,2.02106,0,2.7408,yes,0,153.039,26.3158,-,216.124,73.6842,448.992,2.87454
Custom operations,"pow<T>(34, outside[fallback])",f256,"pow<T>(34, outside[fallback])",custom,primary,191,boost::multiprecision::mpfr_float_backend<64>,yes,214.743,313.612,100,-,214.159,299.74,100,-,0.583898,0,157.105,428.873,2.72984,boost::multiprecision::mpfr_float_backend<64>,13.8721,0.583898,0,2.72984,yes,0,149.987,26.178,-,214.743,73.822,452.944,2.88306
Custom operations,"pow<T>(35, outside[fallback])",f256,"pow<T>(35, outside[fallback])",custom,primary,191,boost::multiprecision::mpfr_float_backend<64>,yes,214.902,316.771,100,-,214.065,301.465,100,-,0.836453,0,157.841,435.408,2.75852,boost::multiprecision::mpfr_float_backend<64>,15.3066,0.836453,0,2.75852,yes,0,153.183,25.9162,-,214.902,74.0838,456.988,2.89525
Custom operations,"pow<T>(36, outside[fallback])",f256,"pow<T>(36, outside[fallback])",custom,primary,191,boost::multiprecision::mpfr_float_backend<64>,yes,217.6,318.433,100,-,214.188,304.901,100,-,3.41202,0,152.875,428.636,2.80384,boost::multiprecision::mpfr_float_backend<64>,13.5325,3.41202,0,2.80384,yes,0,164.297,25.9162,-,217.6,74.0838,449.397,2.93964
Custom operations,"pow<T>(37, outside[fallback])",f256,"pow<T>(37, outside[fallback])",custom,primary,190,boost::multiprecision::mpfr_float_backend<64>,yes,215.601,310.879,100,-,214.054,301.906,100,-,1.54682,0,151.135,429.703,2.84318,boost::multiprecision::mpfr_float_backend<64>,8.97225,1.54682,0,2.84318,yes,0,155.957,25.7895,-,215.601,74.2105,451.177,2.98526
Custom operations,"pow<T>(38, outside[fallback])",f256,"pow<T>(38, outside[fallback])",custom,primary,190,boost::multiprecision::mpfr_float_backend<64>,yes,214.958,317.307,100,-,214.016,302.625,100,-,0.94197,0,148.463,423.52,2.85269,boost::multiprecision::mpfr_float_backend<64>,14.6826,0.94197,0,2.85269,yes,0,156.42,25.7895,-,214.958,74.2105,454.016,3.0581
Custom operations,"pow<T>(39, outside[fallback])",f256,"pow<T>(39, outside[fallback])",custom,primary,190,boost::multiprecision::mpfr_float_backend<64>,yes,215.261,306.946,100,-,214.122,301.154,100,-,1.13942,0,147.503,427.246,2.89652,boost::multiprecision::mpfr_float_backend<64>,5.79149,1.13942,0,2.89652,yes,0,152.002,25.7895,-,215.261,74.2105,447.678,3.03504
Custom operations,"pow<T>(41, outside[fallback])",f256,"pow<T>(41, outside[fallback])",custom,primary,189,boost::multiprecision::mpfr_float_backend<64>,yes,214.906,312.99,100,-,214.197,302.072,100,-,0.709376,0,149.546,437.464,2.92528,boost::multiprecision::mpfr_float_backend<64>,10.918,0.709376,0,2.92528,yes,0,149.925,25.6614,-,214.906,74.3386,455.553,3.04624
Custom operations,"pow<T>(42, outside[fallback])",f256,"pow<T>(42, outside[fallback])",custom,primary,189,boost::multiprecision::mpfr_float_backend<64>,yes,215.517,308.551,100,-,214.112,303.474,100,-,1.4047,0,147.504,431.095,2.92259,boost::multiprecision::mpfr_float_backend<64>,5.07723,1.4047,0,2.92259,yes,0,157.21,25.6614,-,215.517,74.3386,449.618,3.04817
Custom operations,"pow<T>(43, outside[fallback])",f256,"pow<T>(43, outside[fallback])",custom,primary,189,boost::multiprecision::mpfr_float_backend<64>,yes,214.433,305.062,100,-,214.034,302.115,100,-,0.398271,0,145.4,431.694,2.969,boost::multiprecision::mpfr_float_backend<64>,2.94744,0.398271,0,2.969,yes,0,148.118,25.6614,-,214.433,74.3386,449.905,3.09425
Custom operations,"pow<T>(44, outside[fallback])",f256,"pow<T>(44, outside[fallback])",custom,primary,189,boost::multiprecision::mpfr_float_backend<64>,yes,215.535,313.441,100,-,214.076,305.253,100,-,1.45943,0,145.248,432.864,2.98017,boost::multiprecision::mpfr_float_backend<64>,8.18746,1.45943,0,2.98017,yes,0,157.674,25.6614,-,215.535,74.3386,450.26,3.09993
Custom operations,"pow<T>(45, outside[fallback])",f256,"pow<T>(45, outside[fallback])",custom,primary,189,boost::multiprecision::mpfr_float_backend<64>,yes,216.315,315.171,100,-,214.019,299.716,100,-,2.29542,0,145.952,429.612,2.94352,boost::multiprecision::mpfr_float_backend<64>,15.4552,2.29542,0,2.94352,yes,0,149.36,25.3968,-,216.315,74.6032,448.854,3.07536
Custom operations,"pow<T>(46, outside[fallback])",f256,"pow<T>(46, outside[fallback])",custom,primary,189,boost::multiprecision::mpfr_float_backend<64>,yes,215.398,315.19,100,-,214.163,301.995,100,-,1.23562,0,145.57,431.447,2.96384,boost::multiprecision::mpfr_float_backend<64>,13.1948,1.23562,0,2.96384,yes,0,144.213,25.1323,-,215.398,74.8677,448.864,3.08349
Custom operations,"pow<T>(47, outside[fallback])",f256,"pow<T>(47, outside[fallback])",custom,primary,188,boost::multiprecision::mpfr_float_backend<64>,yes,216.28,310.233,100,-,214.131,301.217,100,-,2.14875,0,145.223,433.313,2.98378,boost::multiprecision::mpfr_float_backend<64>,9.01569,2.14875,0,2.98378,yes,0,147.475,25,-,216.28,75,451.121,3.10641
Custom operations,"pow<T>(48, outside[fallback])",f256,"pow<T>(48, outside[fallback])",custom,primary,187,boost::multiprecision::mpfr_float_backend<64>,yes,320,320,100,-,214.466,313.993,100,-,105.534,0,142.851,430.611,3.01441,boost::multiprecision::mpfr_float_backend<64>,6.0074,105.534,0,3.01441,yes,0,159.144,24.8663,-,320,75.1337,448.803,3.14176
Custom operations,"pow<T>(49, outside[fallback])",f256,"pow<T>(49, outside[fallback])",custom,primary,188,boost::multiprecision::mpfr_float_backend<64>,yes,215.142,306.799,100,-,214.142,300.273,100,-,1,0,145.058,434.579,2.9959,boost::multiprecision::mpfr_float_backend<64>,6.52593,1,0,2.9959,yes,0,146.591,25,-,215.142,75,455.307,3.13879
Custom operations,"pow<T>(51, outside[fallback])",f256,"pow<T>(51, outside[fallback])",custom,primary,187,boost::multiprecision::mpfr_float_backend<64>,yes,216.691,318.359,100,-,214.156,303.408,100,-,2.53489,0,144.597,436.521,3.01887,boost::multiprecision::mpfr_float_backend<64>,14.9514,2.53489,0,3.01887,yes,0,148.959,24.5989,-,216.691,75.4011,453.403,3.13563
Custom operations,"pow<T>(52, outside[fallback])",f256,"pow<T>(52, outside[fallback])",custom,primary,188,boost::multiprecision::mpfr_float_backend<64>,yes,215.758,317.838,100,-,214.053,304.575,100,-,1.70484,0,146.439,441.644,3.01589,boost::multiprecision::mpfr_float_backend<64>,13.2624,1.70484,0,3.01589,yes,0,144.423,24.734,-,215.758,75.266,457.659,3.12526
Custom operations,"pow<T>(53, outside[fallback])",f256,"pow<T>(53, outside[fallback])",custom,primary,187,boost::multiprecision::mpfr_float_backend<64>,yes,215.57,316.169,100,-,214.255,301.746,100,-,1.31483,0,146.976,439.39,2.98953,boost::multiprecision::mpfr_float_backend<64>,14.4225,1.31483,0,2.98953,yes,0,146.349,24.3316,-,215.57,75.6684,457.804,3.11481
Custom operations,"pow<T>(54, outside[fallback])",f256,"pow<T>(54, outside[fallback])",custom,primary,188,boost::multiprecision::mpfr_float_backend<64>,yes,215.066,307.286,100,-,214.302,303.567,100,-,0.763925,0,147.785,437.276,2.95887,boost::multiprecision::mpfr_float_backend<64>,3.71868,0.763925,0,2.95887,yes,0,146.176,24.4681,-,215.066,75.5319,462.252,3.12787
Custom operations,"pow<T>(55, outside[fallback])",f256,"pow<T>(55, outside[fallback])",custom,primary,188,boost::multiprecision::mpfr_float_backend<64>,yes,214.767,308.382,100,-,214.2,303.511,100,-,0.56623,0,148.741,477.759,3.21201,boost::multiprecision::mpfr_float_backend<64>,4.87051,0.56623,0,3.21201,yes,0,141.436,24.4681,-,214.767,75.5319,524.216,3.52434
Custom operations,"pow<T>(56, outside[fallback])",f256,"pow<T>(56, outside[fallback])",custom,primary,188,boost::multiprecision::mpfr_float_backend<64>,yes,214.718,316.169,100,-,214.121,304.631,100,-,0.597166,0,145.582,450.345,3.0934,boost::multiprecision::mpfr_float_backend<64>,11.5387,0.597166,0,3.0934,yes,0,152.765,24.4681,-,214.718,75.5319,462.888,3.17956
Custom operations,"pow<T>(57, outside[fallback])",f256,"pow<T>(57, outside[fallback])",custom,primary,188,boost::multiprecision::mpfr_float_backend<64>,yes,215.262,310.083,100,-,214.141,302.987,100,-,1.12189,0,145.992,543.947,3.72587,boost::multiprecision::mpfr_float_backend<64>,7.09566,1.12189,0,3.72587,yes,0,141.19,24.4681,-,215.262,75.5319,463.263,3.17321
Custom operations,"pow<T>(58, outside[fallback])",f256,"pow<T>(58, outside[fallback])",custom,primary,188,boost::multiprecision::mpfr_float_backend<64>,yes,215.958,314.583,100,-,214.289,303.395,100,-,1.66903,0,143.839,449.153,3.12261,boost::multiprecision::mpfr_float_backend<64>,11.1876,1.66903,0,3.12261,yes,0,143.264,24.4681,-,215.958,75.5319,460.596,3.20216
Custom operations,"pow<T>(59, outside[fallback])",f256,"pow<T>(59, outside[fallback])",custom,primary,188,boost::multiprecision::mpfr_float_backend<64>,yes,215.284,309.675,100,-,214.025,301.886,100,-,1.25937,0,144.943,449.146,3.09878,boost::multiprecision::mpfr_float_backend<64>,7.78924,1.25937,0,3.09878,yes,0,143.852,24.4681,-,215.284,75.5319,459.205,3.16817
Custom operations,"pow<T>(60, outside[fallback])",f256,"pow<T>(60, outside[fallback])",custom,primary,188,boost::multiprecision::mpfr_float_backend<64>,yes,216.847,312.927,100,-,214.082,302.435,100,-,2.76537,0,142.436,445.59,3.12836,boost::multiprecision::mpfr_float_backend<64>,10.4916,2.76537,0,3.12836,yes,0,145.548,24.4681,-,216.847,75.5319,460.661,3.23416
Custom operations,"pow<T>(61, outside[fallback])",f256,"pow<T>(61, outside[fallback])",custom,primary,188,boost::multiprecision::mpfr_float_backend<64>,yes,217.242,316.231,100,-,214.747,301.896,100,-,2.49499,0,143.023,445.722,3.11644,boost::multiprecision::mpfr_float_backend<64>,14.3345,2.49499,0,3.11644,yes,0,151.124,24.2021,-,217.242,75.7979,461.635,3.2277
Custom operations,"pow<T>(62, outside[fallback])",f256,"pow<T>(62, outside[fallback])",custom,primary,188,boost::multiprecision::mpfr_float_backend<64>,yes,216.183,312.457,100,-,214.038,302.542,100,-,2.14509,0,139.379,445.448,3.19594,boost::multiprecision::mpfr_float_backend<64>,9.91501,2.14509,0,3.19594,yes,0,143.896,24.2021,-,216.183,75.7979,455.022,3.26463
Custom operations,"pow<T>(63, outside[fallback])",f256,"pow<T>(63, outside[fallback])",custom,primary,188,boost::multiprecision::mpfr_float_backend<64>,yes,215.115,308.55,100,-,214.024,301.921,100,-,1.0912,0,140.51,450,3.20261,boost::multiprecision::mpfr_float_backend<64>,6.62918,1.0912,0,3.20261,yes,0,141.086,24.2021,-,215.115,75.7979,454.587,3.23526
Custom operations,"pow<T>(65, outside[fallback])",f256,"pow<T>(65, outside[fallback])",custom,primary,187,boost::multiprecision::mpfr_float_backend<64>,yes,215.735,311.205,100,-,214.144,303.524,100,-,1.59103,0,139.235,426.651,3.06425,boost::multiprecision::mpfr_float_backend<64>,7.68176,1.59103,0,3.06425,yes,0,139.218,24.0642,-,215.735,75.9358,454.703,3.26573
Custom operations,"pow<T>(66, outside[fallback])",f256,"pow<T>(66, outside[fallback])",custom,primary,187,boost::multiprecision::mpfr_float_backend<64>,yes,216.518,314.504,100,-,214.103,305.896,100,-,2.41504,0,137.026,429.657,3.13559,boost::multiprecision::mpfr_float_backend<64>,8.60855,2.41504,0,3.13559,yes,0,140.6,23.7968,-,216.518,76.2032,453.758,3.31148
Custom operations,"pow<T>(67, outside[fallback])",f256,"pow<T>(67, outside[fallback])",custom,primary,186,boost::multiprecision::mpfr_float_backend<64>,yes,214.468,307.667,100,-,214.172,303.371,100,-,0.295797,0,136.114,426.981,3.13695,boost::multiprecision::mpfr_float_backend<64>,4.29579,0.295797,0,3.13695,yes,0,137.047,23.6559,-,214.468,76.3441,456.412,3.35317
Custom operations,"pow<T>(68, outside[fallback])",f256,"pow<T>(68, outside[fallback])",custom,primary,186,boost::multiprecision::mpfr_float_backend<64>,yes,217.057,316.186,100,-,214.159,303.328,100,-,2.89808,0,135.703,429.219,3.16293,boost::multiprecision::mpfr_float_backend<64>,12.8581,2.89808,0,3.16293,yes,0,137.896,23.6559,-,217.057,76.3441,454.776,3.35127
Custom operations,"pow<T>(69, outside[fallback])",f256,"pow<T>(69, outside[fallback])",custom,primary,186,boost::multiprecision::mpfr_float_backend<64>,yes,215.957,311.781,100,-,214.209,304.524,100,-,1.74767,0,137.861,432.315,3.13588,boost::multiprecision::mpfr_float_backend<64>,7.25729,1.74767,0,3.13588,yes,0,139.183,23.3871,-,215.957,76.6129,454.572,3.29733
Custom operations,"pow<T>(70, outside[fallback])",f256,"pow<T>(70, outside[fallback])",custom,primary,186,boost::multiprecision::mpfr_float_backend<64>,yes,214.902,317.245,100,-,214.065,304.573,100,-,0.836453,0,139.021,434.787,3.1275,boost::multiprecision::mpfr_float_backend<64>,12.6717,0.836453,0,3.1275,yes,0,141.782,23.3871,-,214.902,76.6129,454.752,3.2711
Custom operations,"pow<T>(71, outside[fallback])",f256,"pow<T>(71, outside[fallback])",custom,primary,187,boost::multiprecision::mpfr_float_backend<64>,yes,215.921,315.632,100,-,214.038,303.575,100,-,1.88338,0,136.828,428.787,3.13376,boost::multiprecision::mpfr_float_backend<64>,12.0563,1.88338,0,3.13376,yes,0,144,23.5294,-,215.921,76.4706,451.629,3.3007
Custom operations,"pow<T>(72, outside[fallback])",f256,"pow<T>(72, outside[fallback])",custom,primary,187,boost::multiprecision::mpfr_float_backend<64>,yes,217.6,318.923,100,-,214.188,307.6,100,-,3.41202,0,136.609,424.921,3.1105,boost::multiprecision::mpfr_float_backend<64>,11.3235,3.41202,0,3.1105,yes,0,147.8,23.262,-,217.6,76.738,450.83,3.30016
Custom operations,"pow<T>(73, outside[fallback])",f256,"pow<T>(73, outside[fallback])",custom,primary,187,boost::multiprecision::mpfr_float_backend<64>,yes,215.268,309.452,100,-,214.071,304.117,100,-,1.19784,0,137.158,435.109,3.17231,boost::multiprecision::mpfr_float_backend<64>,5.33503,1.19784,0,3.17231,yes,0,137.582,23.2612,-,215.268,76.7388,452.576,3.29966
Custom operations,"pow<T>(74, outside[fallback])",f256,"pow<T>(74, outside[fallback])",custom,primary,187,boost::multiprecision::mpfr_float_backend<64>,yes,215.601,312.926,100,-,214.054,305.29,100,-,1.54682,0,138.94,431.381,3.1048,boost::multiprecision::mpfr_float_backend<64>,7.63649,1.54682,0,3.1048,yes,0,142.368,23.262,-,215.601,76.738,455.32,3.2771
Custom operations,"pow<T>(75, outside[fallback])",f256,"pow<T>(75, outside[fallback])",custom,primary,187,boost::multiprecision::mpfr_float_backend<64>,yes,215.458,311.707,100,-,214.069,305.198,100,-,1.38961,0,139.947,432.528,3.09065,boost::multiprecision::mpfr_float_backend<64>,6.5089,1.38961,0,3.09065,yes,0,140.574,23.262,-,215.458,76.738,455.485,3.2547
Custom operations,"pow<T>(76, outside[fallback])",f256,"pow<T>(76, outside[fallback])",custom,primary,187,boost::multiprecision::mpfr_float_backend<64>,yes,214.958,318.364,100,-,214.016,305.875,100,-,0.94197,0,136.549,424.981,3.11231,boost::multiprecision::mpfr_float_backend<64>,12.4881,0.94197,0,3.11231,yes,0,142.846,23.262,-,214.958,76.738,452.469,3.31361
Custom operations,"pow<T>(77, outside[fallback])",f256,"pow<T>(77, outside[fallback])",custom,primary,187,boost::multiprecision::mpfr_float_backend<64>,yes,215.147,309.415,100,-,214.078,301.461,100,-,1.06894,0,135.252,435.234,3.21796,boost::multiprecision::mpfr_float_backend<64>,7.95367,1.06894,0,3.21796,yes,0,138.292,23.262,-,215.147,76.738,452.599,3.34635
Custom operations,"pow<T>(78, outside[fallback])",f256,"pow<T>(78, outside[fallback])",custom,primary,186,boost::multiprecision::mpfr_float_backend<64>,yes,215.261,311.113,100,-,214.122,304.303,100,-,1.13942,0,135.7,430.471,3.17222,boost::multiprecision::mpfr_float_backend<64>,6.80999,1.13942,0,3.17222,yes,0,139.073,23.1183,-,215.261,76.8817,454.134,3.34659
Custom operations,"pow<T>(79, outside[fallback])",f256,"pow<T>(79, outside[fallback])",custom,primary,186,boost::multiprecision::mpfr_float_backend<64>,yes,216.327,317.822,100,-,214.099,303.518,100,-,2.22817,0,135.967,432.512,3.18101,boost::multiprecision::mpfr_float_backend<64>,14.3044,2.22817,0,3.18101,yes,0,134.99,23.1183,-,216.327,76.8817,454.635,3.34372
Custom operations,"pow<T>(81, outside[fallback])",f256,"pow<T>(81, outside[fallback])",custom,primary,186,boost::multiprecision::mpfr_float_backend<64>,yes,215.782,315.077,100,-,214.313,302.412,100,-,1.4692,0,136.504,429.565,3.14689,boost::multiprecision::mpfr_float_backend<64>,12.6643,1.4692,0,3.14689,yes,0,143.02,23.1183,-,215.782,76.8817,454.202,3.32738
Custom operations,"pow<T>(82, outside[fallback])",f256,"pow<T>(82, outside[fallback])",custom,primary,186,boost::multiprecision::mpfr_float_backend<64>,yes,214.906,314.519,100,-,214.197,305.406,100,-,0.709376,0,135.068,432.333,3.20085,boost::multiprecision::mpfr_float_backend<64>,9.11261,0.709376,0,3.20085,yes,0,137.383,23.1183,-,214.906,76.8817,453.893,3.36047
Custom operations,"pow<T>(83, outside[fallback])",f256,"pow<T>(83, outside[fallback])",custom,primary,185,boost::multiprecision::mpfr_float_backend<64>,yes,214.63,315.037,100,-,214.13,304.059,100,-,0.500158,0,132.956,431.792,3.24764,boost::multiprecision::mpfr_float_backend<64>,10.9778,0.500158,0,3.24764,yes,0,142.064,22.973,-,214.63,77.027,454.781,3.42055
Custom operations,"pow<T>(84, outside[fallback])",f256,"pow<T>(84, outside[fallback])",custom,primary,185,boost::multiprecision::mpfr_float_backend<64>,yes,216.178,312.221,100,-,214.112,307.391,100,-,2.06591,0,132.395,430.462,3.25135,boost::multiprecision::mpfr_float_backend<64>,4.8308,2.06591,0,3.25135,yes,0,142.616,22.973,-,216.178,77.027,453.753,3.42726
Custom operations,"pow<T>(85, outside[fallback])",f256,"pow<T>(85, outside[fallback])",custom,primary,187,boost::multiprecision::mpfr_float_backend<64>,yes,214.436,311.654,100,-,214.12,305.783,100,-,0.315482,0,133.77,431.161,3.22316,boost::multiprecision::mpfr_float_backend<64>,5.87056,0.315482,0,3.22316,yes,0,134.737,22.9947,-,214.436,77.0053,454.216,3.3955
Custom operations,"pow<T>(86, outside[fallback])",f256,"pow<T>(86, outside[fallback])",custom,primary,187,boost::multiprecision::mpfr_float_backend<64>,yes,214.56,308.274,100,-,214.034,304.886,100,-,0.525295,0,132.051,432.438,3.27479,boost::multiprecision::mpfr_float_backend<64>,3.388,0.525295,0,3.27479,yes,0,135.406,22.9947,-,214.56,77.0053,453.039,3.4308
Custom operations,"pow<T>(87, outside[fallback])",f256,"pow<T>(87, outside[fallback])",custom,primary,187,boost::multiprecision::mpfr_float_backend<64>,yes,214.441,308.232,100,-,214.134,304.068,100,-,0.306969,0,130.324,429.707,3.29722,boost::multiprecision::mpfr_float_backend<64>,4.16379,0.306969,0,3.29722,yes,0,135.462,22.9947,-,214.441,77.0053,453.931,3.4831
Custom operations,"pow<T>(88, outside[fallback])",f256,"pow<T>(88, outside[fallback])",custom,primary,187,boost::multiprecision::mpfr_float_backend<64>,yes,216.455,317.793,100,-,214.117,309.814,100,-,2.3379,0,130.881,431.883,3.29981,boost::multiprecision::mpfr_float_backend<64>,7.97894,2.3379,0,3.29981,yes,0,144.959,22.9947,-,216.455,77.0053,452.736,3.45914
Custom operations,"pow<T>(89, outside[fallback])",f256,"pow<T>(89, outside[fallback])",custom,primary,187,boost::multiprecision::mpfr_float_backend<64>,yes,217.088,315.133,100,-,214.515,305.801,100,-,2.5728,0,130.781,439.742,3.36243,boost::multiprecision::mpfr_float_backend<64>,9.33195,2.5728,0,3.36243,yes,0,142.277,22.9947,-,217.088,77.0053,452.809,3.46234
Custom operations,"pow<T>(90, outside[fallback])",f256,"pow<T>(90, outside[fallback])",custom,primary,187,boost::multiprecision::mpfr_float_backend<64>,yes,216.498,316.757,100,-,214.019,303.693,100,-,2.4786,0,131.213,429.732,3.27506,boost::multiprecision::mpfr_float_backend<64>,13.0645,2.4786,0,3.27506,yes,0,136.026,22.7273,-,216.498,77.2727,452.077,3.44535
Custom operations,"pow<T>(91, outside[fallback])",f256,"pow<T>(91, outside[fallback])",custom,primary,187,boost::multiprecision::mpfr_float_backend<64>,yes,214.381,308.842,100,-,214.022,304.779,100,-,0.358553,0,131.056,424.329,3.23777,boost::multiprecision::mpfr_float_backend<64>,4.0625,0.358553,0,3.23777,yes,0,134.296,22.7273,-,214.381,77.2727,451.734,3.44688
Custom operations,"pow<T>(92, outside[fallback])",f256,"pow<T>(92, outside[fallback])",custom,primary,187,boost::multiprecision::mpfr_float_backend<64>,yes,215.398,316.764,100,-,214.163,304.276,100,-,1.23562,0,128.105,432.47,3.37591,boost::multiprecision::mpfr_float_backend<64>,12.4881,1.23562,0,3.37591,yes,0,131.992,22.4599,-,215.398,77.5401,452.536,3.53255
Custom operations,"pow<T>(93, outside[fallback])",f256,"pow<T>(93, outside[fallback])",custom,primary,187,boost::multiprecision::mpfr_float_backend<64>,yes,214.621,313.965,100,-,214.021,305.375,100,-,0.599347,0,130.909,429.179,3.27847,boost::multiprecision::mpfr_float_backend<64>,8.5906,0.599347,0,3.27847,yes,0,136.045,22.4599,-,214.621,77.5401,453.508,3.46431
Custom operations,"pow<T>(94, outside[fallback])",f256,"pow<T>(94, outside[fallback])",custom,primary,187,boost::multiprecision::mpfr_float_backend<64>,yes,216.669,313.458,100,-,214.131,305.338,100,-,2.53719,0,130.224,433.335,3.32761,boost::multiprecision::mpfr_float_backend<64>,8.11939,2.53719,0,3.32761,yes,0,134.441,22.4599,-,216.669,77.5401,458.454,3.5205
Custom operations,"pow<T>(95, outside[fallback])",f256,"pow<T>(95, outside[fallback])",custom,primary,187,boost::multiprecision::mpfr_float_backend<64>,yes,214.566,309.355,100,-,214.452,305.838,100,-,0.114869,0,130.464,437.081,3.35021,boost::multiprecision::mpfr_float_backend<64>,3.51738,0.114869,0,3.35021,yes,0,134.885,22.4599,-,214.566,77.5401,457.117,3.50378
Custom operations,"pow<T>(96, outside[fallback])",f256,"pow<T>(96, outside[fallback])",custom,primary,187,boost::multiprecision::mpfr_float_backend<64>,yes,320,320,100,-,214.48,317.013,100,-,105.52,0,127.605,432.373,3.38837,boost::multiprecision::mpfr_float_backend<64>,2.98696,105.52,0,3.38837,yes,0,143.743,22.4599,-,320,77.5401,450.485,3.5303
Custom operations,"pow<T>(97, outside[fallback])",f256,"pow<T>(97, outside[fallback])",custom,primary,187,boost::multiprecision::mpfr_float_backend<64>,yes,215.789,314.52,100,-,214.196,304.835,100,-,1.59338,0,129.102,430.681,3.33598,boost::multiprecision::mpfr_float_backend<64>,9.6856,1.59338,0,3.33598,yes,0,138.264,22.4599,-,215.789,77.5401,456.055,3.53252
Custom operations,"pow<T>(98, outside[fallback])",f256,"pow<T>(98, outside[fallback])",custom,primary,187,boost::multiprecision::mpfr_float_backend<64>,yes,215.142,310.614,100,-,214.142,304.311,100,-,1,0,130.686,438.268,3.35359,boost::multiprecision::mpfr_float_backend<64>,6.30311,1,0,3.35359,yes,0,134.247,22.4599,-,215.142,77.5401,460.09,3.52057
Custom operations,"pow<T>(99, outside[fallback])",f256,"pow<T>(99, outside[fallback])",custom,primary,187,boost::multiprecision::mpfr_float_backend<64>,yes,216.166,312.865,100,-,214.325,305.224,100,-,1.84135,0,131.298,441.816,3.36498,boost::multiprecision::mpfr_float_backend<64>,7.64109,1.84135,0,3.36498,yes,0,131.243,22.4599,-,216.166,77.5401,461.315,3.51348
Custom operations,"pow<T>(101, outside[fallback])",f256,"pow<T>(101, outside[fallback])",custom,primary,187,boost::multiprecision::mpfr_float_backend<64>,yes,214.706,313.365,100,-,214.176,304.336,100,-,0.530091,0,130.929,447.619,3.4188,boost::multiprecision::mpfr_float_backend<64>,9.0286,0.530091,0,3.4188,yes,0,135.451,22.4599,-,214.706,77.5401,473.742,3.61832
Custom operations,"pow<T>(102, outside[fallback])",f256,"pow<T>(102, outside[fallback])",custom,primary,187,boost::multiprecision::mpfr_float_backend<64>,yes,216.691,318.359,100,-,214.156,305.404,100,-,2.53489,0,134.599,553.036,4.10876,boost::multiprecision::mpfr_float_backend<64>,12.9553,2.53489,0,4.10876,yes,0,138.663,22.4599,-,216.691,77.5401,464.473,3.45078
Custom operations,"pow<T>(103, outside[fallback])",f256,"pow<T>(103, outside[fallback])",custom,primary,187,boost::multiprecision::mpfr_float_backend<64>,yes,216.007,316.254,100,-,214.202,304.656,100,-,1.8055,0,130.904,443.91,3.39112,boost::multiprecision::mpfr_float_backend<64>,11.5982,1.8055,0,3.39112,yes,0,132.496,22.4599,-,216.007,77.5401,461.69,3.52694
Custom operations,"pow<T>(104, outside[fallback])",f256,"pow<T>(104, outside[fallback])",custom,primary,186,boost::multiprecision::mpfr_float_backend<64>,yes,215.758,317.815,100,-,214.053,307.518,100,-,1.70484,0,131.389,464.887,3.53824,boost::multiprecision::mpfr_float_backend<64>,10.2967,1.70484,0,3.53824,yes,0,131.592,22.3118,-,215.758,77.6882,465.835,3.54546
Custom operations,"pow<T>(105, outside[fallback])",f256,"pow<T>(105, outside[fallback])",custom,primary,186,boost::multiprecision::mpfr_float_backend<64>,yes,215.411,318.911,100,-,214.473,307.619,100,-,0.938045,0,132.288,444.97,3.36364,boost::multiprecision::mpfr_float_backend<64>,11.2918,0.938045,0,3.36364,yes,0,126.202,22.3118,-,215.411,77.6882,456.778,3.45291
Custom operations,"pow<T>(106, outside[fallback])",f256,"pow<T>(106, outside[fallback])",custom,primary,186,boost::multiprecision::mpfr_float_backend<64>,yes,218.637,318.367,100,-,214.255,304.215,100,-,4.38177,0,129.918,442.264,3.40417,boost::multiprecision::mpfr_float_backend<64>,14.1526,4.38177,0,3.40417,yes,0,135.609,22.3118,-,218.637,77.6882,458.112,3.52615
Custom operations,"pow<T>(107, outside[fallback])",f256,"pow<T>(107, outside[fallback])",custom,primary,186,boost::multiprecision::mpfr_float_backend<64>,yes,216.303,317.826,100,-,214.357,303.666,100,-,1.94611,0,133.099,446.714,3.35625,boost::multiprecision::mpfr_float_backend<64>,14.16,1.94611,0,3.35625,yes,0,126.913,22.3118,-,216.303,77.6882,463.396,3.48158
Custom operations,"pow<T>(108, outside[fallback])",f256,"pow<T>(108, outside[fallback])",custom,primary,186,boost::multiprecision::mpfr_float_backend<64>,yes,215.478,310.517,100,-,214.302,306.492,100,-,1.17595,0,130.327,435.924,3.34486,boost::multiprecision::mpfr_float_backend<64>,4.02516,1.17595,0,3.34486,yes,0,133.921,22.3118,-,215.478,77.6882,459.496,3.52573
Custom operations,"pow<T>(109, outside[fallback])",f256,"pow<T>(109, outside[fallback])",custom,primary,186,boost::multiprecision::mpfr_float_backend<64>,yes,214.632,313.361,100,-,214.507,304.769,100,-,0.125512,0,129.371,444.004,3.43203,boost::multiprecision::mpfr_float_backend<64>,8.59197,0.125512,0,3.43203,yes,0,128.504,22.3118,-,214.632,77.6882,457.547,3.53671
Custom operations,"pow<T>(110, outside[fallback])",f256,"pow<T>(110, outside[fallback])",custom,primary,186,boost::multiprecision::mpfr_float_backend<64>,yes,215.4,311.062,100,-,214.2,307.024,100,-,1.19991,0,129.421,442.797,3.42138,boost::multiprecision::mpfr_float_backend<64>,4.0383,1.19991,0,3.42138,yes,0,130.915,22.3118,-,215.4,77.6882,456.228,3.52516
Custom operations,"pow<T>(111, outside[fallback])",f256,"pow<T>(111, outside[fallback])",custom,primary,186,boost::multiprecision::mpfr_float_backend<64>,yes,214.863,307.711,100,-,214.013,304.744,100,-,0.850257,0,129.358,444.059,3.43278,boost::multiprecision::mpfr_float_backend<64>,2.96711,0.850257,0,3.43278,yes,0,127.946,22.3118,-,214.863,77.6882,457.656,3.5379
Custom operations,"pow<T>(112, outside[fallback])",f256,"pow<T>(112, outside[fallback])",custom,primary,186,boost::multiprecision::mpfr_float_backend<64>,yes,217.296,317.797,100,-,214.121,308.136,100,-,3.1751,0,128.604,442.966,3.44441,boost::multiprecision::mpfr_float_backend<64>,9.66083,3.1751,0,3.44441,yes,0,140.593,22.3118,-,217.296,77.6882,455.361,3.5408
Custom operations,"pow<T>(113, outside[fallback])",f256,"pow<T>(113, outside[fallback])",custom,primary,186,boost::multiprecision::mpfr_float_backend<64>,yes,215.264,308.356,100,-,214.264,306.977,100,-,1,0,130.259,443.917,3.40795,boost::multiprecision::mpfr_float_backend<64>,1.37853,1,0,3.40795,yes,0,128.283,22.3118,-,215.264,77.6882,456.011,3.50079
Custom operations,"pow<T>(114, outside[fallback])",f256,"pow<T>(114, outside[fallback])",custom,primary,185,boost::multiprecision::mpfr_float_backend<64>,yes,215.437,313.855,100,-,214.141,306.338,100,-,1.29698,0,130.248,444,3.40889,boost::multiprecision::mpfr_float_backend<64>,7.51741,1.29698,0,3.40889,yes,0,130.26,22.1622,-,215.437,77.8378,458.906,3.52333
Custom operations,"pow<T>(115, outside[fallback])",f256,"pow<T>(115, outside[fallback])",custom,primary,185,boost::multiprecision::mpfr_float_backend<64>,yes,216.45,312.259,100,-,214.193,303.883,100,-,2.25724,0,130.425,442.593,3.39348,boost::multiprecision::mpfr_float_backend<64>,8.37571,2.25724,0,3.39348,yes,0,131.798,22.1622,-,216.45,77.8378,459.978,3.52677
Custom operations,"pow<T>(116, outside[fallback])",f256,"pow<T>(116, outside[fallback])",custom,primary,185,boost::multiprecision::mpfr_float_backend<64>,yes,215.958,316.145,100,-,214.36,306.131,100,-,1.59741,0,126.135,441.108,3.49711,boost::multiprecision::mpfr_float_backend<64>,10.0141,1.59741,0,3.49711,yes,0,132.257,22.1622,-,215.958,77.8378,456.129,3.61619
Custom operations,"pow<T>(117, outside[fallback])",f256,"pow<T>(117, outside[fallback])",custom,primary,185,boost::multiprecision::mpfr_float_backend<64>,yes,215.61,313.377,100,-,214.296,306.361,100,-,1.31474,0,126.16,444.511,3.52339,boost::multiprecision::mpfr_float_backend<64>,7.01607,1.31474,0,3.52339,yes,0,132.893,22.1622,-,215.61,77.8378,456.742,3.62033
Custom operations,"pow<T>(118, outside[fallback])",f256,"pow<T>(118, outside[fallback])",custom,primary,186,boost::multiprecision::mpfr_float_backend<64>,yes,215.851,312.871,100,-,214.025,304.704,100,-,1.82642,0,126.133,440.173,3.48977,boost::multiprecision::mpfr_float_backend<64>,8.16721,1.82642,0,3.48977,yes,0,132.707,22.3118,-,215.851,77.6882,453.442,3.59497
Custom operations,"pow<T>(119, outside[fallback])",f256,"pow<T>(119, outside[fallback])",custom,primary,186,boost::multiprecision::mpfr_float_backend<64>,yes,215.74,314.549,100,-,214.005,304.217,100,-,1.7352,0,124.838,439.339,3.51927,boost::multiprecision::mpfr_float_backend<64>,10.3316,1.7352,0,3.51927,yes,0,130.764,22.3118,-,215.74,77.6882,454.767,3.64285
Custom operations,"pow<T>(120, outside[fallback])",f256,"pow<T>(120, outside[fallback])",custom,primary,186,boost::multiprecision::mpfr_float_backend<64>,yes,217.013,314.505,100,-,214.082,304.791,100,-,2.93109,0,125.448,444.161,3.5406,boost::multiprecision::mpfr_float_backend<64>,9.71402,2.93109,0,3.5406,yes,0,135.573,22.3118,-,217.013,77.6882,459.914,3.66617
Custom operations,"pow<T>(121, outside[fallback])",f256,"pow<T>(121, outside[fallback])",custom,primary,186,boost::multiprecision::mpfr_float_backend<64>,yes,214.264,308.885,100,-,214.196,305.773,100,-,0.0671039,0,126.73,443.135,3.49669,boost::multiprecision::mpfr_float_backend<64>,3.11228,0.0671039,0,3.49669,yes,0,132.274,22.3118,-,214.264,77.6882,456.14,3.59931
Custom operations,"pow<T>(122, outside[fallback])",f256,"pow<T>(122, outside[fallback])",custom,primary,186,boost::multiprecision::mpfr_float_backend<64>,yes,217.242,317.27,100,-,214.73,303.668,100,-,2.51194,0,124.535,440.783,3.53944,boost::multiprecision::mpfr_float_backend<64>,13.6019,2.51194,0,3.53944,yes,0,138.345,22.043,-,217.242,77.957,455.048,3.65399
Custom operations,"pow<T>(123, outside[fallback])",f256,"pow<T>(123, outside[fallback])",custom,primary,186,boost::multiprecision::mpfr_float_backend<64>,yes,216.642,314.007,100,-,214.354,304.289,100,-,2.28743,0,124.831,444.41,3.5601,boost::multiprecision::mpfr_float_backend<64>,9.71811,2.28743,0,3.5601,yes,0,129.322,22.043,-,216.642,77.957,458.565,3.67349
Custom operations,"pow<T>(124, outside[fallback])",f256,"pow<T>(124, outside[fallback])",custom,primary,186,boost::multiprecision::mpfr_float_backend<64>,yes,216.183,313.473,100,-,214.114,305.434,100,-,2.06856,0,124.34,440.554,3.54313,boost::multiprecision::mpfr_float_backend<64>,8.0386,2.06856,0,3.54313,yes,0,132.2,22.043,-,216.183,77.957,455.449,3.66292
Custom operations,"pow<T>(126, outside[fallback])",f256,"pow<T>(126, outside[fallback])",custom,primary,186,boost::multiprecision::mpfr_float_backend<64>,yes,216.955,311.214,100,-,214.024,304.818,100,-,2.93152,0,123.858,446.426,3.60435,boost::multiprecision::mpfr_float_backend<64>,6.39641,2.93152,0,3.60435,yes,0,128.781,21.7742,-,216.955,78.2258,453.41,3.66074
Custom operations,"pow<T>(127, outside[fallback])",f256,"pow<T>(127, outside[fallback])",custom,primary,186,boost::multiprecision::mpfr_float_backend<64>,yes,216.756,317.802,100,-,214.038,307.023,100,-,2.7174,0,125.906,440.634,3.4997,boost::multiprecision::mpfr_float_backend<64>,10.7792,2.7174,0,3.4997,yes,0,129.844,21.7742,-,216.756,78.2258,454.871,3.61278
Custom operations,"pow<T>(129, outside[fallback])",f256,"pow<T>(129, outside[fallback])",custom,primary,186,boost::multiprecision::mpfr_float_backend<64>,yes,215.583,315.604,100,-,214.01,303.823,100,-,1.57259,0,124.559,417.906,3.35507,boost::multiprecision::mpfr_float_backend<64>,11.781,1.57259,0,3.35507,yes,0,127.511,21.7742,-,215.583,78.2258,454.879,3.6519
Custom operations,"pow<T>(130, outside[fallback])",f256,"pow<T>(130, outside[fallback])",custom,primary,186,boost::multiprecision::mpfr_float_backend<64>,yes,215.901,312.822,100,-,214.144,306.506,100,-,1.75687,0,124.33,425.6,3.42313,boost::multiprecision::mpfr_float_backend<64>,6.31633,1.75687,0,3.42313,yes,0,127.941,21.7742,-,215.901,78.2258,453.385,3.64661
Custom operations,"pow<T>(131, outside[fallback])",f256,"pow<T>(131, outside[fallback])",custom,primary,186,boost::multiprecision::mpfr_float_backend<64>,yes,215.278,312.271,100,-,214.451,304.743,100,-,0.826994,0,124.754,429.296,3.44115,boost::multiprecision::mpfr_float_backend<64>,7.52844,0.826994,0,3.44115,yes,0,131.626,21.7742,-,215.278,78.2258,455.329,3.64983
Custom operations,"pow<T>(132, outside[fallback])",f256,"pow<T>(132, outside[fallback])",custom,primary,186,boost::multiprecision::mpfr_float_backend<64>,yes,216.437,317.246,100,-,214.279,308.256,100,-,2.15798,0,124.079,429.229,3.45932,boost::multiprecision::mpfr_float_backend<64>,8.98981,2.15798,0,3.45932,yes,0,130.972,21.7742,-,216.437,78.2258,454.632,3.66405
Custom operations,"pow<T>(133, outside[fallback])",f256,"pow<T>(133, outside[fallback])",custom,primary,186,boost::multiprecision::mpfr_float_backend<64>,yes,215.92,315.571,100,-,214.041,305.314,100,-,1.8796,0,126.25,428.223,3.39188,boost::multiprecision::mpfr_float_backend<64>,10.2571,1.8796,0,3.39188,yes,0,133.757,21.7742,-,215.92,78.2258,457.547,3.62415
Custom operations,"pow<T>(134, outside[fallback])",f256,"pow<T>(134, outside[fallback])",custom,primary,186,boost::multiprecision::mpfr_float_backend<64>,yes,214.468,311.043,100,-,214.172,306.422,100,-,0.295797,0,123.977,427.892,3.45138,boost::multiprecision::mpfr_float_backend<64>,4.62088,0.295797,0,3.45138,yes,0,126.177,21.5054,-,214.468,78.4946,454.182,3.66343
Custom operations,"pow<T>(135, outside[fallback])",f256,"pow<T>(135, outside[fallback])",custom,primary,186,boost::multiprecision::mpfr_float_backend<64>,yes,214.218,306.541,100,-,214.14,303.879,100,-,0.0782128,0,125.694,426.103,3.38999,boost::multiprecision::mpfr_float_backend<64>,2.66236,0.0782128,0,3.38999,yes,0,122.829,21.5054,-,214.218,78.4946,460.506,3.6637
Custom operations,"pow<T>(136, outside[fallback])",f256,"pow<T>(136, outside[fallback])",custom,primary,186,boost::multiprecision::mpfr_float_backend<64>,yes,217.057,316.727,100,-,214.159,305.73,100,-,2.89808,0,125.752,431.205,3.42902,boost::multiprecision::mpfr_float_backend<64>,10.9976,2.89808,0,3.42902,yes,0,126.951,21.5054,-,217.057,78.4946,460.817,3.6645
Custom operations,"pow<T>(137, outside[fallback])",f256,"pow<T>(137, outside[fallback])",custom,primary,186,boost::multiprecision::mpfr_float_backend<64>,yes,216.823,313.379,100,-,214.058,304.387,100,-,2.76458,0,127.317,433.734,3.40672,boost::multiprecision::mpfr_float_backend<64>,8.99151,2.76458,0,3.40672,yes,0,130.343,21.5054,-,216.823,78.4946,459.234,3.60701
Custom operations,"pow<T>(138, outside[fallback])",f256,"pow<T>(138, outside[fallback])",custom,primary,186,boost::multiprecision::mpfr_float_backend<64>,yes,215.957,313.424,100,-,214.209,306.333,100,-,1.74767,0,125.177,434.842,3.47382,boost::multiprecision::mpfr_float_backend<64>,7.09079,1.74767,0,3.47382,yes,0,129.337,21.5054,-,215.957,78.4946,456.188,3.64435
Custom operations,"pow<T>(139, outside[fallback])",f256,"pow<T>(139, outside[fallback])",custom,primary,186,boost::multiprecision::mpfr_float_backend<64>,yes,215.224,311.118,100,-,214.317,306.287,100,-,0.907374,0,127.514,435.613,3.4162,boost::multiprecision::mpfr_float_backend<64>,4.83042,0.907374,0,3.4162,yes,0,125.293,21.5054,-,215.224,78.4946,459.859,3.60634
Custom operations,"pow<T>(140, outside[fallback])",f256,"pow<T>(140, outside[fallback])",custom,primary,186,boost::multiprecision::mpfr_float_backend<64>,yes,214.902,317.788,100,-,214.065,306.489,100,-,0.836453,0,126.152,431.185,3.41797,boost::multiprecision::mpfr_float_backend<64>,11.2995,0.836453,0,3.41797,yes,0,132.013,21.5054,-,214.902,78.4946,457.724,3.62834
Custom operations,"pow<T>(141, outside[fallback])",f256,"pow<T>(141, outside[fallback])",custom,primary,186,boost::multiprecision::mpfr_float_backend<64>,yes,214.118,309.363,100,-,214.118,305.518,100,-,0,0,126.73,436.475,3.44413,boost::multiprecision::mpfr_float_backend<64>,3.84508,0,0,3.44413,yes,0,124.049,21.5054,-,214.118,78.4946,455.755,3.59627
Custom operations,"pow<T>(142, outside[fallback])",f256,"pow<T>(142, outside[fallback])",custom,primary,186,boost::multiprecision::mpfr_float_backend<64>,yes,215.921,315.59,100,-,214.038,305.98,100,-,1.88338,0,125.749,434.421,3.45466,boost::multiprecision::mpfr_float_backend<64>,9.60952,1.88338,0,3.45466,yes,0,132.669,21.5054,-,215.921,78.4946,455.379,3.62133
Custom operations,"pow<T>(143, outside[fallback])",f256,"pow<T>(143, outside[fallback])",custom,primary,186,boost::multiprecision::mpfr_float_backend<64>,yes,215.054,308.821,100,-,214.028,304.29,100,-,1.02634,0,127.621,437.926,3.43146,boost::multiprecision::mpfr_float_backend<64>,4.53065,1.02634,0,3.43146,yes,0,126.404,21.5054,-,215.054,78.4946,456.758,3.57902
Custom operations,"pow<T>(144, outside[fallback])",f256,"pow<T>(144, outside[fallback])",custom,primary,186,boost::multiprecision::mpfr_float_backend<64>,yes,217.6,319.449,100,-,214.653,309.974,100,-,2.94738,0,125.443,431.71,3.44149,boost::multiprecision::mpfr_float_backend<64>,9.47535,2.94738,0,3.44149,yes,0,137.084,21.5054,-,217.6,78.4946,461.193,3.67651
Custom operations,"pow<T>(145, outside[fallback])",f256,"pow<T>(145, outside[fallback])",custom,primary,186,boost::multiprecision::mpfr_float_backend<64>,yes,215.334,316.709,100,-,214.012,304.237,100,-,1.32236,0,127.631,430.416,3.37235,boost::multiprecision::mpfr_float_backend<64>,12.4711,1.32236,0,3.37235,yes,0,132.101,21.5054,-,215.334,78.4946,460.895,3.61115
Custom operations,"pow<T>(146, outside[fallback])",f256,"pow<T>(146, outside[fallback])",custom,primary,186,boost::multiprecision::mpfr_float_backend<64>,yes,215.298,311.643,100,-,214.071,306.511,100,-,1.22702,0,126.787,439.12,3.46345,boost::multiprecision::mpfr_float_backend<64>,5.13229,1.22702,0,3.46345,yes,0,128.602,21.5049,-,215.298,78.4951,456.148,3.59775
Custom operations,"pow<T>(147, outside[fallback])",f256,"pow<T>(147, outside[fallback])",custom,primary,186,boost::multiprecision::mpfr_float_backend<64>,yes,214.971,311.055,100,-,214.353,304.817,100,-,0.617038,0,128.333,436.437,3.40082,boost::multiprecision::mpfr_float_backend<64>,6.23814,0.617038,0,3.40082,yes,0,123.6,21.5054,-,214.971,78.4946,465.758,3.6293
Custom operations,"pow<T>(148, outside[fallback])",f256,"pow<T>(148, outside[fallback])",custom,primary,186,boost::multiprecision::mpfr_float_backend<64>,yes,215.601,313.994,100,-,214.054,307.124,100,-,1.54682,0,134.217,538.565,4.01265,boost::multiprecision::mpfr_float_backend<64>,6.87035,1.54682,0,4.01265,yes,0,132.202,21.5054,-,215.601,78.4946,475.752,3.54465
Custom operations,"pow<T>(149, outside[fallback])",f256,"pow<T>(149, outside[fallback])",custom,primary,185,boost::multiprecision::mpfr_float_backend<64>,yes,215.301,311.674,100,-,214.473,306.487,100,-,0.827852,0,127,442.797,3.4866,boost::multiprecision::mpfr_float_backend<64>,5.18639,0.827852,0,3.4866,yes,0,119.341,21.075,-,215.301,78.925,481.948,3.79488
Custom operations,"pow<T>(150, outside[fallback])",f256,"pow<T>(150, outside[fallback])",custom,primary,185,boost::multiprecision::mpfr_float_backend<64>,yes,215.458,313.854,100,-,214.271,307.547,100,-,1.18676,0,129.762,442.528,3.4103,boost::multiprecision::mpfr_float_backend<64>,6.30704,1.18676,0,3.4103,yes,0,129.329,21.0811,-,215.458,78.9189,465.844,3.58998
Custom operations,"pow<T>(151, outside[fallback])",f256,"pow<T>(151, outside[fallback])",custom,primary,185,boost::multiprecision::mpfr_float_backend<64>,yes,214.364,312.767,100,-,214.066,305.155,100,-,0.297785,0,125.966,436.941,3.46873,boost::multiprecision::mpfr_float_backend<64>,7.61247,0.297785,0,3.46873,yes,0,129.935,21.0811,-,214.364,78.9189,462.003,3.66768
Custom operations,"pow<T>(152, outside[fallback])",f256,"pow<T>(152, outside[fallback])",custom,primary,185,boost::multiprecision::mpfr_float_backend<64>,yes,214.958,319.432,100,-,214.016,308.692,100,-,0.94197,0,125.692,433.999,3.45288,boost::multiprecision::mpfr_float_backend<64>,10.7404,0.94197,0,3.45288,yes,0,131.6,21.0811,-,214.958,78.9189,465.097,3.70029
Custom operations,"pow<T>(153, outside[fallback])",f256,"pow<T>(153, outside[fallback])",custom,primary,185,boost::multiprecision::mpfr_float_backend<64>,yes,214.334,305.871,100,-,214.355,306.49,100,-,-0.0209769,0,126.813,439.395,3.46491,boost::multiprecision::mpfr_float_backend<64>,-0.618792,-0.0209769,0,3.46491,yes,0,123.124,21.0811,-,214.334,78.9189,458.5,3.61557
Custom operations,"pow<T>(154, outside[fallback])",f256,"pow<T>(154, outside[fallback])",custom,primary,185,boost::multiprecision::mpfr_float_backend<64>,yes,215.147,311.561,100,-,214.078,304.262,100,-,1.06894,0,126.325,441.039,3.49131,boost::multiprecision::mpfr_float_backend<64>,7.29898,1.06894,0,3.49131,yes,0,126.48,21.0811,-,215.147,78.9189,464.138,3.67417
Custom operations,"pow<T>(155, outside[fallback])",f256,"pow<T>(155, outside[fallback])",custom,primary,185,boost::multiprecision::mpfr_float_backend<64>,yes,214.475,307.619,100,-,214.172,305.967,100,-,0.302932,0,126.945,439.285,3.46044,boost::multiprecision::mpfr_float_backend<64>,1.65236,0.302932,0,3.46044,yes,0,119.293,21.0797,-,214.475,78.9203,460.678,3.62896
Custom operations,"pow<T>(156, outside[fallback])",f256,"pow<T>(156, outside[fallback])",custom,primary,185,boost::multiprecision::mpfr_float_backend<64>,yes,215.261,313.301,100,-,214.122,307.195,100,-,1.13942,0,124.73,431.446,3.45903,boost::multiprecision::mpfr_float_backend<64>,6.10577,1.13942,0,3.45903,yes,0,128.221,21.0811,-,215.261,78.9189,454.737,3.64576
Custom operations,"pow<T>(157, outside[fallback])",f256,"pow<T>(157, outside[fallback])",custom,primary,185,boost::multiprecision::mpfr_float_backend<64>,yes,214.417,306.473,100,-,214.133,304.787,100,-,0.283592,0,124.626,429.752,3.44834,boost::multiprecision::mpfr_float_backend<64>,1.68556,0.283592,0,3.44834,yes,0,121.337,21.0811,-,214.417,78.9189,455.945,3.65851
Custom operations,"pow<T>(158, outside[fallback])",f256,"pow<T>(158, outside[fallback])",custom,primary,185,boost::multiprecision::mpfr_float_backend<64>,yes,216.327,317.81,100,-,214.099,305.355,100,-,2.22817,0,125.181,431.581,3.44765,boost::multiprecision::mpfr_float_backend<64>,12.4554,2.22817,0,3.44765,yes,0,124.16,21.0811,-,216.327,78.9189,456.077,3.64333
Custom operations,"pow<T>(159, outside[fallback])",f256,"pow<T>(159, outside[fallback])",custom,primary,185,boost::multiprecision::mpfr_float_backend<64>,yes,214.663,306.482,100,-,214.012,304.243,100,-,0.650275,0,125.064,439.547,3.51457,boost::multiprecision::mpfr_float_backend<64>,2.23897,0.650275,0,3.51457,yes,0,119.332,21.0811,-,214.663,78.9189,456.201,3.64774
Custom operations,"pow<T>(161, outside[fallback])",f256,"pow<T>(161, outside[fallback])",custom,primary,185,boost::multiprecision::mpfr_float_backend<64>,yes,214.026,308.823,100,-,214.026,304.643,100,-,0,0,123.318,433.66,3.5166,boost::multiprecision::mpfr_float_backend<64>,4.17962,0,0,3.5166,yes,0,122.462,21.0811,-,214.026,78.9189,457.452,3.70953
Custom operations,"pow<T>(162, outside[fallback])",f256,"pow<T>(162, outside[fallback])",custom,primary,185,boost::multiprecision::mpfr_float_backend<64>,yes,215.239,315.58,100,-,214.313,305.34,100,-,0.92635,0,122.743,429.411,3.49847,boost::multiprecision::mpfr_float_backend<64>,10.2401,0.92635,0,3.49847,yes,0,131.608,21.0811,-,215.239,78.9189,455.382,3.71006
Custom operations,"pow<T>(163, outside[fallback])",f256,"pow<T>(163, outside[fallback])",custom,primary,185,boost::multiprecision::mpfr_float_backend<64>,yes,214.032,307.655,100,-,214.037,305.928,100,-,-0.00468937,0,123.739,430.701,3.48072,boost::multiprecision::mpfr_float_backend<64>,1.72651,-0.00468937,0,3.48072,yes,0,121.826,21.0811,-,214.032,78.9189,456.675,3.69063
Custom operations,"pow<T>(164, outside[fallback])",f256,"pow<T>(164, outside[fallback])",custom,primary,185,boost::multiprecision::mpfr_float_backend<64>,yes,214.906,314.489,100,-,214.197,307.164,100,-,0.709376,0,122.294,430.206,3.51779,boost::multiprecision::mpfr_float_backend<64>,7.32547,0.709376,0,3.51779,yes,0,126.565,21.0811,-,214.906,78.9189,457.13,3.73796
Custom operations,"pow<T>(165, outside[fallback])",f256,"pow<T>(165, outside[fallback])",custom,primary,185,boost::multiprecision::mpfr_float_backend<64>,yes,214.889,311.04,100,-,214.078,308.605,100,-,0.810944,0,121.572,436.687,3.59201,boost::multiprecision::mpfr_float_backend<64>,2.43532,0.810944,0,3.59201,yes,0,125.925,21.0811,-,214.889,78.9189,455.392,3.74587
Custom operations,"pow<T>(166, outside[fallback])",f256,"pow<T>(166, outside[fallback])",custom,primary,185,boost::multiprecision::mpfr_float_backend<64>,yes,214.63,316.141,100,-,214.13,305.923,100,-,0.500158,0,120.142,432.213,3.59752,boost::multiprecision::mpfr_float_backend<64>,10.2181,0.500158,0,3.59752,yes,0,131.06,21.0811,-,214.63,78.9189,454.607,3.78391
Custom operations,"pow<T>(167, outside[fallback])",f256,"pow<T>(167, outside[fallback])",custom,primary,185,boost::multiprecision::mpfr_float_backend<64>,yes,215.033,312.77,100,-,214.173,303.722,100,-,0.8593,0,121.293,433.713,3.57575,boost::multiprecision::mpfr_float_backend<64>,9.04842,0.8593,0,3.57575,yes,0,119.446,21.0811,-,215.033,78.9189,455.222,3.75309
Custom operations,"pow<T>(168, outside[fallback])",f256,"pow<T>(168, outside[fallback])",custom,primary,185,boost::multiprecision::mpfr_float_backend<64>,yes,216.14,313.899,100,-,214.112,309.284,100,-,2.0275,0,120.217,429.06,3.56905,boost::multiprecision::mpfr_float_backend<64>,4.61421,2.0275,0,3.56905,yes,0,131.604,21.0811,-,216.14,78.9189,454.166,3.7779
Custom operations,"pow<T>(169, outside[fallback])",f256,"pow<T>(169, outside[fallback])",custom,primary,185,boost::multiprecision::mpfr_float_backend<64>,yes,215.321,311.722,100,-,214.313,305.364,100,-,1.00879,0,120.715,428.776,3.55197,boost::multiprecision::mpfr_float_backend<64>,6.35783,1.00879,0,3.55197,yes,0,120.751,21.0811,-,215.321,78.9189,456.341,3.78032
Custom operations,"pow<T>(170, outside[fallback])",f256,"pow<T>(170, outside[fallback])",custom,primary,185,boost::multiprecision::mpfr_float_backend<64>,yes,214.436,312.692,100,-,214.12,307.431,100,-,0.315482,0,121.465,432.674,3.56214,boost::multiprecision::mpfr_float_backend<64>,5.26119,0.315482,0,3.56214,yes,0,124.08,21.0811,-,214.436,78.9189,455.083,3.74663
Custom operations,"pow<T>(171, outside[fallback])",f256,"pow<T>(171, outside[fallback])",custom,primary,185,boost::multiprecision::mpfr_float_backend<64>,yes,214.569,306.424,100,-,214.057,305.808,100,-,0.511834,0,121.868,430.071,3.52898,boost::multiprecision::mpfr_float_backend<64>,0.61565,0.511834,0,3.52898,yes,0,120.667,21.0811,-,214.569,78.9189,458.615,3.7632
Custom operations,"pow<T>(172, outside[fallback])",f256,"pow<T>(172, outside[fallback])",custom,primary,185,boost::multiprecision::mpfr_float_backend<64>,yes,214.56,309.851,100,-,214.034,306.537,100,-,0.525295,0,122.488,435.601,3.55626,boost::multiprecision::mpfr_float_backend<64>,3.31423,0.525295,0,3.55626,yes,0,124.747,21.0811,-,214.56,78.9189,457.043,3.73132
Custom operations,"pow<T>(173, outside[fallback])",f256,"pow<T>(173, outside[fallback])",custom,primary,185,boost::multiprecision::mpfr_float_backend<64>,yes,217.936,318.899,100,-,214.12,305.286,100,-,3.81621,0,121.138,432.477,3.57011,boost::multiprecision::mpfr_float_backend<64>,13.6126,3.81621,0,3.57011,yes,0,125.305,21.0811,-,217.936,78.9189,455.897,3.76344
Custom operations,"pow<T>(174, outside[fallback])",f256,"pow<T>(174, outside[fallback])",custom,primary,185,boost::multiprecision::mpfr_float_backend<64>,yes,214.441,309.816,100,-,214.134,305.777,100,-,0.306969,0,120.603,431.062,3.57423,boost::multiprecision::mpfr_float_backend<64>,4.03903,0.306969,0,3.57423,yes,0,124.781,21.0811,-,214.441,78.9189,459.091,3.80663
Custom operations,"pow<T>(175, outside[fallback])",f256,"pow<T>(175, outside[fallback])",custom,primary,185,boost::multiprecision::mpfr_float_backend<64>,yes,215.084,316.112,100,-,214.158,304.765,100,-,0.926644,0,123.455,442.282,3.58253,boost::multiprecision::mpfr_float_backend<64>,11.3474,0.926644,0,3.58253,yes,0,129.891,21.0811,-,215.084,78.9189,462.182,3.74373
Custom operations,"pow<T>(176, outside[fallback])",f256,"pow<T>(176, outside[fallback])",custom,primary,185,boost::multiprecision::mpfr_float_backend<64>,yes,217.186,319.444,100,-,214.117,311.553,100,-,3.06813,0,122.767,440.755,3.59016,boost::multiprecision::mpfr_float_backend<64>,7.89091,3.06813,0,3.59016,yes,0,134.363,21.0811,-,217.186,78.9189,460.354,3.7498
Custom operations,"pow<T>(177, outside[fallback])",f256,"pow<T>(177, outside[fallback])",custom,primary,185,boost::multiprecision::mpfr_float_backend<64>,yes,215.386,316.689,100,-,214.062,305.448,100,-,1.32394,0,120.022,438.251,3.65141,boost::multiprecision::mpfr_float_backend<64>,11.2409,1.32394,0,3.65141,yes,0,120.186,21.0811,-,215.386,78.9189,455.696,3.79675
Custom operations,"pow<T>(178, outside[fallback])",f256,"pow<T>(178, outside[fallback])",custom,primary,185,boost::multiprecision::mpfr_float_backend<64>,yes,217.088,315.626,100,-,214.515,306.961,100,-,2.5728,0,119.228,440.588,3.69535,boost::multiprecision::mpfr_float_backend<64>,8.66525,2.5728,0,3.69535,yes,0,129.981,21.0811,-,217.088,78.9189,454.353,3.8108
Custom operations,"pow<T>(179, outside[fallback])",f256,"pow<T>(179, outside[fallback])",custom,primary,185,boost::multiprecision::mpfr_float_backend<64>,yes,214.414,314.534,100,-,214.06,304.832,100,-,0.354342,0,118.979,432.761,3.6373,boost::multiprecision::mpfr_float_backend<64>,9.70242,0.354342,0,3.6373,yes,0,127.738,21.0811,-,214.414,78.9189,454.6,3.82085
Custom operations,"pow<T>(180, outside[fallback])",f256,"pow<T>(180, outside[fallback])",custom,primary,185,boost::multiprecision::mpfr_float_backend<64>,yes,216.498,318.369,100,-,214.019,305.286,100,-,2.4786,0,119.479,429.593,3.59554,boost::multiprecision::mpfr_float_backend<64>,13.0828,2.4786,0,3.59554,yes,0,127.65,21.0811,-,216.498,78.9189,458.052,3.83373
Custom operations,"pow<T>(181, outside[fallback])",f256,"pow<T>(181, outside[fallback])",custom,primary,185,boost::multiprecision::mpfr_float_backend<64>,yes,215.905,313.367,100,-,214.493,306.533,100,-,1.41257,0,120.152,429.279,3.5728,boost::multiprecision::mpfr_float_backend<64>,6.83387,1.41257,0,3.5728,yes,0,122.557,21.0811,-,215.905,78.9189,455.835,3.79382
Custom operations,"pow<T>(182, outside[fallback])",f256,"pow<T>(182, outside[fallback])",custom,primary,185,boost::multiprecision::mpfr_float_backend<64>,yes,214.381,310.427,100,-,214.022,306.509,100,-,0.358553,0,118.585,425.134,3.58505,boost::multiprecision::mpfr_float_backend<64>,3.91748,0.358553,0,3.58505,yes,0,125.346,21.0811,-,214.381,78.9189,457.883,3.86121
Custom operations,"pow<T>(183, outside[fallback])",f256,"pow<T>(183, outside[fallback])",custom,primary,185,boost::multiprecision::mpfr_float_backend<64>,yes,218.431,316.765,100,-,214.363,305.037,100,-,4.06759,0,118.892,440.924,3.70863,boost::multiprecision::mpfr_float_backend<64>,11.7275,4.06759,0,3.70863,yes,0,131.683,21.0811,-,218.431,78.9189,457.89,3.85133
Custom operations,"pow<T>(184, outside[fallback])",f256,"pow<T>(184, outside[fallback])",custom,primary,185,boost::multiprecision::mpfr_float_backend<64>,yes,215.398,317.272,100,-,214.163,305.981,100,-,1.23562,0,118.929,433.733,3.64699,boost::multiprecision::mpfr_float_backend<64>,11.2913,1.23562,0,3.64699,yes,0,124.749,21.0811,-,215.398,78.9189,455.584,3.83072
Custom operations,"pow<T>(185, outside[fallback])",f256,"pow<T>(185, outside[fallback])",custom,primary,185,boost::multiprecision::mpfr_float_backend<64>,yes,215.075,311.591,100,-,214.142,306.123,100,-,0.93303,0,119.477,434.211,3.63427,boost::multiprecision::mpfr_float_backend<64>,5.46794,0.93303,0,3.63427,yes,0,118.447,20.8108,-,215.075,79.1892,454.901,3.80744
Custom operations,"pow<T>(186, outside[fallback])",f256,"pow<T>(186, outside[fallback])",custom,primary,185,boost::multiprecision::mpfr_float_backend<64>,yes,214.621,313.906,100,-,214.054,306.54,100,-,0.566352,0,118.505,434.443,3.66602,boost::multiprecision::mpfr_float_backend<64>,7.36526,0.566352,0,3.66602,yes,0,125.972,20.8108,-,214.621,79.1892,453.274,3.82493
Custom operations,"pow<T>(187, outside[fallback])",f256,"pow<T>(187, outside[fallback])",custom,primary,185,boost::multiprecision::mpfr_float_backend<64>,yes,214.152,308.087,100,-,214.456,305.2,100,-,-0.303596,0,119.148,436.834,3.66631,boost::multiprecision::mpfr_float_backend<64>,2.88747,-0.303596,0,3.66631,yes,0,117.926,20.8108,-,214.152,79.1892,454.485,3.81445
Custom operations,"pow<T>(188, outside[fallback])",f256,"pow<T>(188, outside[fallback])",custom,primary,185,boost::multiprecision::mpfr_float_backend<64>,yes,216.669,314.493,100,-,214.131,307.649,100,-,2.53719,0,119.043,432.786,3.63553,boost::multiprecision::mpfr_float_backend<64>,6.84363,2.53719,0,3.63553,yes,0,125.461,20.8108,-,216.669,79.1892,454.134,3.81486
Custom operations,"pow<T>(189, outside[fallback])",f256,"pow<T>(189, outside[fallback])",custom,primary,185,boost::multiprecision::mpfr_float_backend<64>,yes,214.855,311.063,100,-,214.1,307.048,100,-,0.755152,0,119.195,435.25,3.65156,boost::multiprecision::mpfr_float_backend<64>,4.01476,0.755152,0,3.65156,yes,0,118.932,20.8108,-,214.855,79.1892,456.278,3.82799
Custom operations,"pow<T>(190, outside[fallback])",f256,"pow<T>(190, outside[fallback])",custom,primary,185,boost::multiprecision::mpfr_float_backend<64>,yes,214.566,310.949,100,-,214.452,308.03,100,-,0.114869,0,119.614,435.437,3.64035,boost::multiprecision::mpfr_float_backend<64>,2.91916,0.114869,0,3.64035,yes,0,125.332,20.8108,-,214.566,79.1892,458.672,3.83461
Custom operations,"pow<T>(191, outside[fallback])",f256,"pow<T>(191, outside[fallback])",custom,primary,185,boost::multiprecision::mpfr_float_backend<64>,yes,215.08,314.443,100,-,214.068,305.389,100,-,1.01123,0,120.012,437.242,3.64331,boost::multiprecision::mpfr_float_backend<64>,9.05441,1.01123,0,3.64331,yes,0,119.06,20.8108,-,215.08,79.1892,461.153,3.84255
Custom operations,"pow<T>(192, outside[fallback])",f256,"pow<T>(192, outside[fallback])",custom,primary,185,boost::multiprecision::mpfr_float_backend<64>,yes,320,320,100,-,222,318.842,100,-,98,0,119.664,435.011,3.63528,boost::multiprecision::mpfr_float_backend<64>,1.1583,98,0,3.63528,yes,0,133.189,20.8108,-,320,79.1892,459.173,3.83719
Custom operations,"pow<T>(193, outside[fallback])",f256,"pow<T>(193, outside[fallback])",custom,primary,185,boost::multiprecision::mpfr_float_backend<64>,yes,214.729,309.345,100,-,214.095,305.846,100,-,0.633832,0,124.098,447.458,3.60569,boost::multiprecision::mpfr_float_backend<64>,3.49929,0.633832,0,3.60569,yes,0,121.958,20.8108,-,214.729,79.1892,461.913,3.72217
Custom operations,"pow<T>(194, outside[fallback])",f256,"pow<T>(194, outside[fallback])",custom,primary,185,boost::multiprecision::mpfr_float_backend<64>,yes,215.789,314.463,100,-,214.196,305.976,100,-,1.59338,0,141.268,440.934,3.12126,boost::multiprecision::mpfr_float_backend<64>,8.48747,1.59338,0,3.12126,yes,0,127.653,20.8108,-,215.789,79.1892,467.371,3.3084
Custom operations,"pow<T>(195, outside[fallback])",f256,"pow<T>(195, outside[fallback])",custom,primary,185,boost::multiprecision::mpfr_float_backend<64>,yes,214.56,306.454,100,-,214.262,304.856,100,-,0.298461,0,126.332,442.82,3.50521,boost::multiprecision::mpfr_float_backend<64>,1.59722,0.298461,0,3.50521,yes,0,119.635,20.8108,-,214.56,79.1892,469.077,3.71305
Custom operations,"pow<T>(196, outside[fallback])",f256,"pow<T>(196, outside[fallback])",custom,primary,185,boost::multiprecision::mpfr_float_backend<64>,yes,215.142,312.757,100,-,214.142,306.005,100,-,1,0,122.125,441.305,3.61356,boost::multiprecision::mpfr_float_backend<64>,6.75187,1,0,3.61356,yes,0,125.315,20.8108,-,215.142,79.1892,466.066,3.81631
Custom operations,"pow<T>(197, outside[fallback])",f256,"pow<T>(197, outside[fallback])",custom,primary,185,boost::multiprecision::mpfr_float_backend<64>,yes,215.355,309.41,100,-,214.236,304.642,100,-,1.11851,0,122.07,440.815,3.61116,boost::multiprecision::mpfr_float_backend<64>,4.7681,1.11851,0,3.61116,yes,0,118.511,20.8108,-,215.355,79.1892,462.949,3.79249
Custom operations,"pow<T>(198, outside[fallback])",f256,"pow<T>(198, outside[fallback])",custom,primary,185,boost::multiprecision::mpfr_float_backend<64>,yes,216.446,314.468,100,-,214.325,306.241,100,-,2.12103,0,119.452,447.037,3.7424,boost::multiprecision::mpfr_float_backend<64>,8.2278,2.12103,0,3.7424,yes,0,122.285,20.8108,-,216.446,79.1892,464.245,3.88645
Custom operations,"pow<T>(199, outside[fallback])",f256,"pow<T>(199, outside[fallback])",custom,primary,185,boost::multiprecision::mpfr_float_backend<64>,yes,216.293,312.863,100,-,214.107,304.897,100,-,2.18599,0,119.479,442.912,3.70702,boost::multiprecision::mpfr_float_backend<64>,7.96574,2.18599,0,3.70702,yes,0,117.431,20.7989,-,216.293,79.2011,461.48,3.86242
Custom operations,"pow<T>(201, outside[fallback])",f256,"pow<T>(201, outside[fallback])",custom,primary,184,boost::multiprecision::mpfr_float_backend<64>,yes,213.75,306.278,100,-,214.229,305.351,100,-,-0.479793,0,119.902,441,3.67801,boost::multiprecision::mpfr_float_backend<64>,0.926476,-0.479793,0,3.67801,yes,0,118.325,20.6522,-,213.75,79.3478,462.61,3.85824
Custom operations,"pow<T>(202, outside[fallback])",f256,"pow<T>(202, outside[fallback])",custom,primary,184,boost::multiprecision::mpfr_float_backend<64>,yes,215.294,315.535,100,-,214.176,305.958,100,-,1.11793,0,117.07,436.864,3.73166,boost::multiprecision::mpfr_float_backend<64>,9.5771,1.11793,0,3.73166,yes,0,126.023,20.6522,-,215.294,79.3478,455.826,3.89363
Custom operations,"pow<T>(203, outside[fallback])",f256,"pow<T>(203, outside[fallback])",custom,primary,184,boost::multiprecision::mpfr_float_backend<64>,yes,215.203,312.751,100,-,214.255,306.26,100,-,0.948101,0,117.324,428.827,3.65506,boost::multiprecision::mpfr_float_backend<64>,6.49191,0.948101,0,3.65506,yes,0,126.052,20.6522,-,215.203,79.3478,455.771,3.88472
Custom operations,"pow<T>(204, outside[fallback])",f256,"pow<T>(204, outside[fallback])",custom,primary,184,boost::multiprecision::mpfr_float_backend<64>,yes,216.691,319.439,100,-,214.156,307.048,100,-,2.53489,0,117.69,439.325,3.73288,boost::multiprecision::mpfr_float_backend<64>,12.391,2.53489,0,3.73288,yes,0,129.312,20.6522,-,216.691,79.3478,456.402,3.87799
Custom operations,"pow<T>(205, outside[fallback])",f256,"pow<T>(205, outside[fallback])",custom,primary,184,boost::multiprecision::mpfr_float_backend<64>,yes,214.294,313.897,100,-,214.064,304.886,100,-,0.23009,0,117.499,431.811,3.67503,boost::multiprecision::mpfr_float_backend<64>,9.01095,0.23009,0,3.67503,yes,0,119.809,20.6522,-,214.294,79.3478,455.834,3.87948
Custom operations,"pow<T>(206, outside[fallback])",f256,"pow<T>(206, outside[fallback])",custom,primary,184,boost::multiprecision::mpfr_float_backend<64>,yes,216.007,316.193,100,-,214.202,306.713,100,-,1.8055,0,116.638,440.02,3.77252,boost::multiprecision::mpfr_float_backend<64>,9.48005,1.8055,0,3.77252,yes,0,123.04,20.6522,-,216.007,79.3478,456.527,3.91403
Custom operations,"pow<T>(207, outside[fallback])",f256,"pow<T>(207, outside[fallback])",custom,primary,184,boost::multiprecision::mpfr_float_backend<64>,yes,215.54,311.648,100,-,214.215,306.113,100,-,1.32542,0,117.967,441.112,3.73928,boost::multiprecision::mpfr_float_backend<64>,5.53566,1.32542,0,3.73928,yes,0,118.444,20.6522,-,215.54,79.3478,457.875,3.88138
Custom operations,"pow<T>(208, outside[fallback])",f256,"pow<T>(208, outside[fallback])",custom,primary,184,boost::multiprecision::mpfr_float_backend<64>,yes,215.758,318.341,100,-,214.053,309.849,100,-,1.70484,0,115.574,439.781,3.80519,boost::multiprecision::mpfr_float_backend<64>,8.49181,1.70484,0,3.80519,yes,0,120.816,20.3804,-,215.758,79.6196,459.129,3.97261
Custom operations,"pow<T>(209, outside[fallback])",f256,"pow<T>(209, outside[fallback])",custom,primary,184,boost::multiprecision::mpfr_float_backend<64>,yes,215.468,309.939,100,-,214.12,304.839,100,-,1.34844,0,115.94,435.72,3.75814,boost::multiprecision::mpfr_float_backend<64>,5.09999,1.34844,0,3.75814,yes,0,122.09,20.3804,-,215.468,79.6196,457.382,3.94497
Custom operations,"pow<T>(210, outside[fallback])",f256,"pow<T>(210, outside[fallback])",custom,primary,184,boost::multiprecision::mpfr_float_backend<64>,yes,215.411,319.432,100,-,214.473,309.244,100,-,0.938045,0,116.83,440.918,3.774,boost::multiprecision::mpfr_float_backend<64>,10.1876,0.938045,0,3.774,yes,0,115.997,20.3804,-,215.411,79.6196,457.287,3.91411
Custom operations,"pow<T>(211, outside[fallback])",f256,"pow<T>(211, outside[fallback])",custom,primary,184,boost::multiprecision::mpfr_float_backend<64>,yes,214.58,309.903,100,-,214.075,304.2,100,-,0.504423,0,115.796,436.897,3.77299,boost::multiprecision::mpfr_float_backend<64>,5.70258,0.504423,0,3.77299,yes,0,118.562,20.3804,-,214.58,79.6196,457.788,3.95341
Custom operations,"pow<T>(212, outside[fallback])",f256,"pow<T>(212, outside[fallback])",custom,primary,184,boost::multiprecision::mpfr_float_backend<64>,yes,218.834,319.45,100,-,214.255,306.507,100,-,4.57876,0,115.467,439.2,3.8037,boost::multiprecision::mpfr_float_backend<64>,12.9431,4.57876,0,3.8037,yes,0,124.291,20.3804,-,218.834,79.6196,458.252,3.96869
Custom operations,"pow<T>(213, outside[fallback])",f256,"pow<T>(213, outside[fallback])",custom,primary,184,boost::multiprecision::mpfr_float_backend<64>,yes,214.982,313.312,100,-,214.215,305.318,100,-,0.766838,0,115.524,440.262,3.811,boost::multiprecision::mpfr_float_backend<64>,7.99419,0.766838,0,3.811,yes,0,116.753,20.3804,-,214.982,79.6196,456.926,3.95524
Custom operations,"pow<T>(214, outside[fallback])",f256,"pow<T>(214, outside[fallback])",custom,primary,184,boost::multiprecision::mpfr_float_backend<64>,yes,216.303,317.802,100,-,214.357,305.374,100,-,1.94611,0,117.002,443.284,3.78867,boost::multiprecision::mpfr_float_backend<64>,12.428,1.94611,0,3.78867,yes,0,116.692,20.3804,-,216.303,79.6196,464.799,3.97256
Custom operations,"pow<T>(215, outside[fallback])",f256,"pow<T>(215, outside[fallback])",custom,primary,184,boost::multiprecision::mpfr_float_backend<64>,yes,216.028,316.641,100,-,214.22,305.272,100,-,1.80735,0,119.321,436.276,3.65632,boost::multiprecision::mpfr_float_backend<64>,11.3683,1.80735,0,3.65632,yes,0,127.075,20.3804,-,216.028,79.6196,465.315,3.89969
Custom operations,"pow<T>(216, outside[fallback])",f256,"pow<T>(216, outside[fallback])",custom,primary,184,boost::multiprecision::mpfr_float_backend<64>,yes,215.626,312.682,100,-,214.302,308.799,100,-,1.32331,0,116.013,434.995,3.74954,boost::multiprecision::mpfr_float_backend<64>,3.8828,1.32331,0,3.74954,yes,0,123.136,20.3804,-,215.626,79.6196,459.154,3.9578
Custom operations,"pow<T>(217, outside[fallback])",f256,"pow<T>(217, outside[fallback])",custom,primary,184,boost::multiprecision::mpfr_float_backend<64>,yes,216.178,312.235,100,-,214.163,306.405,100,-,2.0157,0,115.676,439.953,3.80332,boost::multiprecision::mpfr_float_backend<64>,5.82963,2.0157,0,3.80332,yes,0,117.371,20.1087,-,216.178,79.8913,458.651,3.96496
Custom operations,"pow<T>(218, outside[fallback])",f256,"pow<T>(218, outside[fallback])",custom,primary,184,boost::multiprecision::mpfr_float_backend<64>,yes,214.632,315.533,100,-,214.632,307.044,100,-,0,0,116.773,441.053,3.77701,boost::multiprecision::mpfr_float_backend<64>,8.48964,0,0,3.77701,yes,0,116.608,20.1087,-,214.632,79.8913,457.771,3.92018
Custom operations,"pow<T>(219, outside[fallback])",f256,"pow<T>(219, outside[fallback])",custom,primary,184,boost::multiprecision::mpfr_float_backend<64>,yes,216.497,314.496,100,-,214.415,305.317,100,-,2.08211,0,115.412,437.642,3.792,boost::multiprecision::mpfr_float_backend<64>,9.17892,2.08211,0,3.792,yes,0,117.436,20.1087,-,216.497,79.8913,458.082,3.96911
Custom operations,"pow<T>(220, outside[fallback])",f256,"pow<T>(220, outside[fallback])",custom,primary,184,boost::multiprecision::mpfr_float_backend<64>,yes,215.429,313.804,100,-,214.2,308.208,100,-,1.22863,0,116.127,441.347,3.80054,boost::multiprecision::mpfr_float_backend<64>,5.5956,1.22863,0,3.80054,yes,0,119.585,20.1087,-,215.429,79.8913,456.602,3.9319
Custom operations,"pow<T>(221, outside[fallback])",f256,"pow<T>(221, outside[fallback])",custom,primary,184,boost::multiprecision::mpfr_float_backend<64>,yes,216.574,313.89,100,-,214.063,303.679,100,-,2.51072,0,116.043,437.924,3.77382,boost::multiprecision::mpfr_float_backend<64>,10.2103,2.51072,0,3.77382,yes,0,122.628,20.1087,-,216.574,79.8913,457.723,3.94444
Custom operations,"pow<T>(222, outside[fallback])",f256,"pow<T>(222, outside[fallback])",custom,primary,184,boost::multiprecision::mpfr_float_backend<64>,yes,215.068,309.298,100,-,214.076,307.052,100,-,0.992358,0,117.745,439.422,3.73197,boost::multiprecision::mpfr_float_backend<64>,2.24578,0.992358,0,3.73197,yes,0,116.052,20.1087,-,215.068,79.8913,457.975,3.88954
Custom operations,"pow<T>(223, outside[fallback])",f256,"pow<T>(223, outside[fallback])",custom,primary,184,boost::multiprecision::mpfr_float_backend<64>,yes,215.907,312.741,100,-,214.235,305.697,100,-,1.67184,0,116.272,431.447,3.71067,boost::multiprecision::mpfr_float_backend<64>,7.04444,1.67184,0,3.71067,yes,0,118.043,20.1087,-,215.907,79.8913,459.623,3.953
Custom operations,"pow<T>(224, outside[fallback])",f256,"pow<T>(224, outside[fallback])",custom,primary,184,boost::multiprecision::mpfr_float_backend<64>,yes,217.763,319.444,100,-,214.121,310.422,100,-,3.64271,0,114.916,444.186,3.86532,boost::multiprecision::mpfr_float_backend<64>,9.02253,3.64271,0,3.86532,yes,0,128.14,20.1087,-,217.763,79.8913,456.327,3.97097
Custom operations,"pow<T>(225, outside[fallback])",f256,"pow<T>(225, outside[fallback])",custom,primary,184,boost::multiprecision::mpfr_float_backend<64>,yes,215.164,313.269,100,-,214.248,308.457,100,-,0.916276,0,117.376,437.488,3.72722,boost::multiprecision::mpfr_float_backend<64>,4.81176,0.916276,0,3.72722,yes,0,119.033,20.1087,-,215.164,79.8913,458.78,3.90863
Custom operations,"pow<T>(226, outside[fallback])",f256,"pow<T>(226, outside[fallback])",custom,primary,184,boost::multiprecision::mpfr_float_backend<64>,yes,215.421,309.942,100,-,214.455,309.258,100,-,0.966573,0,115.584,446.447,3.86254,boost::multiprecision::mpfr_float_backend<64>,0.68419,0.966573,0,3.86254,yes,0,114.574,19.837,-,215.421,80.163,458.254,3.96469
Custom operations,"pow<T>(227, outside[fallback])",f256,"pow<T>(227, outside[fallback])",custom,primary,184,boost::multiprecision::mpfr_float_backend<64>,yes,214.451,309.257,100,-,214.449,305.379,100,-,0.00203685,0,115.706,444.321,3.84008,boost::multiprecision::mpfr_float_backend<64>,3.87822,0.00203685,0,3.84008,yes,0,113.833,19.837,-,214.451,80.163,456.624,3.94641
Custom operations,"pow<T>(228, outside[fallback])",f256,"pow<T>(228, outside[fallback])",custom,primary,184,boost::multiprecision::mpfr_float_backend<64>,yes,215.61,316.652,100,-,214.141,308.123,100,-,1.46941,0,115.105,442.88,3.84761,boost::multiprecision::mpfr_float_backend<64>,8.52891,1.46941,0,3.84761,yes,0,117.657,19.837,-,215.61,80.163,456.896,3.96937
Custom operations,"pow<T>(229, outside[fallback])",f256,"pow<T>(229, outside[fallback])",custom,primary,184,boost::multiprecision::mpfr_float_backend<64>,yes,215.885,315.566,100,-,214.227,306.509,100,-,1.6585,0,115.92,433.77,3.74197,boost::multiprecision::mpfr_float_backend<64>,9.05706,1.6585,0,3.74197,yes,0,121.384,19.837,-,215.885,80.163,459.142,3.96084
Custom operations,"pow<T>(230, outside[fallback])",f256,"pow<T>(230, outside[fallback])",custom,primary,184,boost::multiprecision::mpfr_float_backend<64>,yes,216.849,313.892,100,-,214.193,305.621,100,-,2.65646,0,117.501,443.528,3.77468,boost::multiprecision::mpfr_float_backend<64>,8.27095,2.65646,0,3.77468,yes,0,118.6,19.837,-,216.849,80.163,457.297,3.89186
Custom operations,"pow<T>(231, outside[fallback])",f256,"pow<T>(231, outside[fallback])",custom,primary,184,boost::multiprecision::mpfr_float_backend<64>,yes,217.401,315.024,100,-,214.253,304.291,100,-,3.14825,0,117,443.91,3.7941,boost::multiprecision::mpfr_float_backend<64>,10.7322,3.14825,0,3.7941,yes,0,117.998,19.837,-,217.401,80.163,456.18,3.89898
Custom operations,"pow<T>(232, outside[fallback])",f256,"pow<T>(232, outside[fallback])",custom,primary,184,boost::multiprecision::mpfr_float_backend<64>,yes,215.958,316.673,100,-,214.36,307.318,100,-,1.59741,0,115.432,442.376,3.83236,boost::multiprecision::mpfr_float_backend<64>,9.35532,1.59741,0,3.83236,yes,0,119.6,19.837,-,215.958,80.163,459.446,3.98024
Custom operations,"pow<T>(233, outside[fallback])",f256,"pow<T>(233, outside[fallback])",custom,primary,184,boost::multiprecision::mpfr_float_backend<64>,yes,215.653,313.322,100,-,214.649,305.935,100,-,1.0045,0,116.486,441.195,3.78752,boost::multiprecision::mpfr_float_backend<64>,7.38648,1.0045,0,3.78752,yes,0,114.579,19.837,-,215.653,80.163,458.673,3.93757
Custom operations,"pow<T>(234, outside[fallback])",f256,"pow<T>(234, outside[fallback])",custom,primary,184,boost::multiprecision::mpfr_float_backend<64>,yes,215.147,313.328,100,-,214.296,307.597,100,-,0.851671,0,116.534,449.883,3.86054,boost::multiprecision::mpfr_float_backend<64>,5.7309,0.851671,0,3.86054,yes,0,120.261,19.837,-,215.147,80.163,464.582,3.98667
Custom operations,"pow<T>(235, outside[fallback])",f256,"pow<T>(235, outside[fallback])",custom,primary,184,boost::multiprecision::mpfr_float_backend<64>,yes,215.961,315.597,100,-,214.01,303.755,100,-,1.95146,0,116.905,448.11,3.83311,boost::multiprecision::mpfr_float_backend<64>,11.842,1.95146,0,3.83311,yes,0,121.975,19.837,-,215.961,80.163,463.096,3.96129
Custom operations,"pow<T>(236, outside[fallback])",f256,"pow<T>(236, outside[fallback])",custom,primary,184,boost::multiprecision::mpfr_float_backend<64>,yes,215.851,313.89,100,-,214.025,306.389,100,-,1.82642,0,117.09,445.552,3.80522,boost::multiprecision::mpfr_float_backend<64>,7.50065,1.82642,0,3.80522,yes,0,117.289,19.5652,-,215.851,80.4348,462.238,3.94773
Custom operations,"pow<T>(237, outside[fallback])",f256,"pow<T>(237, outside[fallback])",custom,primary,184,boost::multiprecision::mpfr_float_backend<64>,yes,215.428,316.149,100,-,214.552,305.276,100,-,0.876226,0,118.491,461.874,3.89798,boost::multiprecision::mpfr_float_backend<64>,10.8734,0.876226,0,3.89798,yes,0,114.597,19.5652,-,215.428,80.4348,462.101,3.89989
Custom operations,"pow<T>(238, outside[fallback])",f256,"pow<T>(238, outside[fallback])",custom,primary,184,boost::multiprecision::mpfr_float_backend<64>,yes,215.74,316.15,100,-,214.005,305.365,100,-,1.7352,0,116.771,448.143,3.83781,boost::multiprecision::mpfr_float_backend<64>,10.7849,1.7352,0,3.83781,yes,0,115.396,19.5652,-,215.74,80.4348,467.489,4.00348
Custom operations,"pow<T>(239, outside[fallback])",f256,"pow<T>(239, outside[fallback])",custom,primary,184,boost::multiprecision::mpfr_float_backend<64>,yes,216.681,318.329,100,-,214.151,306.99,100,-,2.53034,0,116.955,445.198,3.80658,boost::multiprecision::mpfr_float_backend<64>,11.3383,2.53034,0,3.80658,yes,0,117.957,19.5652,-,216.681,80.4348,464.676,3.97312
Custom operations,"pow<T>(240, outside[fallback])",f256,"pow<T>(240, outside[fallback])",custom,primary,184,boost::multiprecision::mpfr_float_backend<64>,yes,217.013,315.554,100,-,214.082,307.636,100,-,2.93109,0,117.192,447.824,3.82129,boost::multiprecision::mpfr_float_backend<64>,7.91846,2.93109,0,3.82129,yes,0,120.192,19.5652,-,217.013,80.4348,466.496,3.98062
Custom operations,"pow<T>(241, outside[fallback])",f256,"pow<T>(241, outside[fallback])",custom,primary,184,boost::multiprecision::mpfr_float_backend<64>,yes,214.16,312.098,100,-,214.035,306.88,100,-,0.125348,0,119.361,445.804,3.73493,boost::multiprecision::mpfr_float_backend<64>,5.21775,0.125348,0,3.73493,yes,0,114.488,19.5652,-,214.16,80.4348,467.499,3.91668
Custom operations,"pow<T>(242, outside[fallback])",f256,"pow<T>(242, outside[fallback])",custom,primary,184,boost::multiprecision::mpfr_float_backend<64>,yes,214.264,310.46,100,-,214.196,306.322,100,-,0.0671039,0,117.925,540.851,4.5864,boost::multiprecision::mpfr_float_backend<64>,4.13838,0.0671039,0,4.5864,yes,0,115.695,19.5652,-,214.264,80.4348,479.944,4.06991
Custom operations,"pow<T>(243, outside[fallback])",f256,"pow<T>(243, outside[fallback])",custom,primary,184,boost::multiprecision::mpfr_float_backend<64>,yes,214.301,308.686,100,-,214.135,304.819,100,-,0.165438,0,119.383,452.204,3.78783,boost::multiprecision::mpfr_float_backend<64>,3.86687,0.165438,0,3.78783,yes,0,112.018,19.5652,-,214.301,80.4348,464.622,3.89185
Custom operations,"pow<T>(244, outside[fallback])",f256,"pow<T>(244, outside[fallback])",custom,primary,184,boost::multiprecision::mpfr_float_backend<64>,yes,217.242,317.779,100,-,214.73,305.387,100,-,2.51194,0,118.301,455.2,3.84781,boost::multiprecision::mpfr_float_backend<64>,12.3915,2.51194,0,3.84781,yes,0,122.996,19.5652,-,217.242,80.4348,466.389,3.94239
Custom operations,"pow<T>(245, outside[fallback])",f256,"pow<T>(245, outside[fallback])",custom,primary,184,boost::multiprecision::mpfr_float_backend<64>,yes,215.044,313.355,100,-,214.289,304.913,100,-,0.754742,0,118.835,458.205,3.85581,boost::multiprecision::mpfr_float_backend<64>,8.44142,0.754742,0,3.85581,yes,0,118.568,19.5652,-,215.044,80.4348,463.579,3.90104
Custom operations,"pow<T>(246, outside[fallback])",f256,"pow<T>(246, outside[fallback])",custom,primary,183,boost::multiprecision::mpfr_float_backend<64>,yes,216.642,315.592,100,-,214.472,306.5,100,-,2.17033,0,115.583,447.024,3.86758,boost::multiprecision::mpfr_float_backend<64>,9.09189,2.17033,0,3.86758,yes,0,115.073,19.3989,-,216.642,80.6011,460.556,3.98465
Custom operations,"pow<T>(247, outside[fallback])",f256,"pow<T>(247, outside[fallback])",custom,primary,183,boost::multiprecision::mpfr_float_backend<64>,yes,214.522,310.95,100,-,214.147,304.115,100,-,0.375107,0,117.307,453.936,3.86965,boost::multiprecision::mpfr_float_backend<64>,6.83544,0.375107,0,3.86965,yes,0,112.095,19.3989,-,214.522,80.6011,459.199,3.91451
Custom operations,"pow<T>(248, outside[fallback])",f256,"pow<T>(248, outside[fallback])",custom,primary,183,boost::multiprecision::mpfr_float_backend<64>,yes,216.183,315.576,100,-,214.114,308.201,100,-,2.06856,0,114.774,448.829,3.91054,boost::multiprecision::mpfr_float_backend<64>,7.37501,2.06856,0,3.91054,yes,0,117.959,19.3989,-,216.183,80.6011,461.125,4.01767
Custom operations,"pow<T>(249, outside[fallback])",f256,"pow<T>(249, outside[fallback])",custom,primary,183,boost::multiprecision::mpfr_float_backend<64>,yes,214.48,316.622,100,-,214.273,305.071,100,-,0.207336,0,115.293,448.664,3.89151,boost::multiprecision::mpfr_float_backend<64>,11.5509,0.207336,0,3.89151,yes,0,120.775,19.3989,-,214.48,80.6011,459.171,3.98264
Custom operations,"pow<T>(251, outside[fallback])",f256,"pow<T>(251, outside[fallback])",custom,primary,183,boost::multiprecision::mpfr_float_backend<64>,yes,215.642,314.446,100,-,214.203,304.747,100,-,1.43892,0,114.587,443.534,3.87072,boost::multiprecision::mpfr_float_backend<64>,9.69918,1.43892,0,3.87072,yes,0,116.862,19.3989,-,215.642,80.6011,460.212,4.01627
Custom operations,"pow<T>(252, outside[fallback])",f256,"pow<T>(252, outside[fallback])",custom,primary,183,boost::multiprecision::mpfr_float_backend<64>,yes,216.955,313.317,100,-,214.115,306.449,100,-,2.84064,0,113.175,449.864,3.97495,boost::multiprecision::mpfr_float_backend<64>,6.86747,2.84064,0,3.97495,yes,0,116.262,19.3989,-,216.955,80.6011,459.912,4.06374
Custom operations,"pow<T>(253, outside[fallback])",f256,"pow<T>(253, outside[fallback])",custom,primary,183,boost::multiprecision::mpfr_float_backend<64>,yes,215.823,313.272,100,-,214.337,307.022,100,-,1.48643,0,114.285,445.373,3.89704,boost::multiprecision::mpfr_float_backend<64>,6.2494,1.48643,0,3.89704,yes,0,115.687,19.3989,-,215.823,80.6011,460.541,4.02976
Custom operations,"pow<T>(254, outside[fallback])",f256,"pow<T>(254, outside[fallback])",custom,primary,183,boost::multiprecision::mpfr_float_backend<64>,yes,216.756,317.766,100,-,214.038,308.129,100,-,2.7174,0,113.676,566.594,4.98428,boost::multiprecision::mpfr_float_backend<64>,9.6373,2.7174,0,4.98428,yes,0,117.352,19.3989,-,216.756,80.6011,465.616,4.09599
Custom operations,"pow<T>(255, outside[fallback])",f256,"pow<T>(255, outside[fallback])",custom,primary,183,boost::multiprecision::mpfr_float_backend<64>,yes,215.322,312.154,100,-,214.322,304.771,100,-,1,0,114.826,449.465,3.9143,boost::multiprecision::mpfr_float_backend<64>,7.3831,1,0,3.9143,yes,0,112.829,19.3989,-,215.322,80.6011,460.591,4.01119
Custom operations,"pow<T>(65537, outside[fallback])",f256,"pow<T>(65537, outside[fallback])",custom,primary,178,boost::multiprecision::mpfr_float_backend<64>,yes,214.001,311.82,100,-,214.001,310.981,100,-,0.000220136,0,66.9638,424.112,6.33346,boost::multiprecision::mpfr_float_backend<64>,0.83943,0.000220136,0,6.33346,yes,0,64.8297,11.5169,-,214.001,88.4831,458.719,6.85026
Rounding,floor,f256,floor,primary,primary,215,boost::multiprecision::mpfr_float_backend<64>,yes,exact,320,100,Both,exact,320,99.9303,Both,0,0.0697354,8.4688,39.9392,4.71605,qdpp (qd_real),0,0,0,0.99821,yes,exact,320,100,Both,0,0,8.45364,0.99821
Rounding,ceil,f256,ceil,primary,primary,215,boost::multiprecision::mpfr_float_backend<64>,yes,exact,320,100,Both,exact,320,99.9082,Both,0,0.09183,8.43769,39.9724,4.73736,qdpp (qd_real),0,0,0,1.00617,yes,exact,320,100,Both,0,0,8.48974,1.00617
Rounding,trunc,f256,trunc,primary,primary,215,boost::multiprecision::mpfr_float_backend<64>,yes,exact,320,100,Both,exact,320,99.765,Both,0,0.235029,8.51815,39.3197,4.61599,qdpp (qd_real),0,0,0,0.988166,yes,exact,320,100,Both,0,0,8.41734,0.988166
Rounding,round,f256,round,primary,primary,215,boost::multiprecision::mpfr_float_backend<64>,yes,exact,320,100,Both,exact,320,99.8241,Both,0,0.175852,13.8559,79.8575,5.76342,boost::multiprecision::mpfr_float_backend<64>,0,0,0.175852,5.76342,yes,12.2088,290.548,79.8606,Both,exact,20.1394,8.46512,0.61094
Rounding,nearbyint,f256,nearbyint,primary,primary,215,boost::multiprecision::mpfr_float_backend<64>,yes,exact,320,100,Both,52,316.265,79.9262,Both,exact,20.0738,13.0066,80.4886,6.18831,boost::multiprecision::mpfr_float_backend<64>,exact,268,20.0738,6.18831,yes,12.2088,286.814,79.7798,Both,exact,20.2202,8.52738,0.655621
Rounding,rint,f256,rint,primary,primary,215,boost::multiprecision::mpfr_float_backend<64>,yes,exact,320,100,Both,52,316.265,79.9264,Both,exact,20.0736,12.9985,80.3335,6.18022,boost::multiprecision::mpfr_float_backend<64>,exact,268,20.0736,6.18022,yes,12.2088,286.814,79.791,Both,exact,20.209,8.48914,0.653087
Rounding,lround,f256,lround,primary,primary,212,boost::multiprecision::mpfr_float_backend<64>,yes,exact,320,100,Both,exact,320,100,No,0,0,7.65281,121.917,15.931,boost::multiprecision::mpfr_float_backend<64>,0,0,0,15.931,no,-,-,-,-,-,-,-,-
Rounding,llround,f256,llround,primary,primary,216,boost::multiprecision::mpfr_float_backend<64>,yes,exact,320,100,Both,exact,320,100,No,0,0,7.48029,217.743,29.1089,boost::multiprecision::mpfr_float_backend<64>,0,0,0,29.1089,no,-,-,-,-,-,-,-,-
Rounding,lrint,f256,lrint,primary,primary,212,boost::multiprecision::mpfr_float_backend<64>,yes,exact,320,100,Both,exact,320,79.924,No,0,20.076,7.77629,119.522,15.37,boost::multiprecision::mpfr_float_backend<64>,0,0,20.076,15.37,no,-,-,-,-,-,-,-,-
Rounding,llrint,f256,llrint,primary,primary,216,boost::multiprecision::mpfr_float_backend<64>,yes,exact,320,100,Both,0,317.037,79.924,No,exact,20.076,7.29326,213.399,29.2597,boost::multiprecision::mpfr_float_backend<64>,exact,320,20.076,29.2597,no,-,-,-,-,-,-,-,-
Remainders,fmod,f256,fmod,primary,primary,209,boost::multiprecision::mpfr_float_backend<64>,yes,exact,320,100,Both,173.502,230.527,39.4109,Both,exact,60.5891,98.2807,198.345,2.01815,qdpp (qd_real),exact,143.804,67.7575,3.88377,yes,176.196,275.444,32.2425,NaN,exact,67.7575,381.7,3.88377
Remainders,remainder,f256,remainder,primary,primary,209,boost::multiprecision::mpfr_float_backend<64>,yes,212.193,316.272,99.5026,Both,173.502,229.943,39.8679,Both,38.6906,59.6348,124.186,240.91,1.93991,qdpp (qd_real),41.2356,35.8474,66.674,3.16773,yes,176.345,275.036,32.8286,NaN,35.8474,66.674,393.389,3.16773
Remainders,remquo,f256,remquo,primary,primary,209,boost::multiprecision::mpfr_float_backend<64>,yes,212.193,316.272,99.3214,Both,173.502,229.943,39.6749,Both,38.6906,59.6464,123.863,241.983,1.95363,boost::multiprecision::mpfr_float_backend<64>,86.329,38.6906,59.6464,1.95363,no,-,-,-,-,-,-,-,-
Floating-point utilities,abs,f256,fabs,primary,primary,213,boost::multiprecision::mpfr_float_backend<64>,yes,exact,320,100,Both,214.051,250.58,100,Both,exact,0,8.43243,40.622,4.81736,qdpp (qd_real),0,0,0,0.998586,yes,exact,320,100,Both,0,0,8.42051,0.998586
Floating-point utilities,fma,f256,fma,primary,primary,207,boost::multiprecision::mpfr_float_backend<64>,yes,exact,320,100,Both,201.732,228.439,100,Both,exact,0,25.4514,82.9322,3.25845,boost::multiprecision::mpfr_float_backend<64>,exact,118.268,0,3.25845,no,-,-,-,-,-,-,-,-
Floating-point utilities,fmin,f256,fmin,primary,primary,211,boost::multiprecision::mpfr_float_backend<64>,yes,exact,320,100,Both,214.128,245.448,100,Both,exact,0,8.64389,55.2284,6.3893,boost::multiprecision::mpfr_float_backend<64>,exact,105.872,0,6.3893,no,-,-,-,-,-,-,-,-
Floating-point utilities,fmax,f256,fmax,primary,primary,211,boost::multiprecision::mpfr_float_backend<64>,yes,exact,320,100,Both,214.221,248.543,100,Both,exact,0,8.4916,51.5203,6.06721,boost::multiprecision::mpfr_float_backend<64>,exact,105.779,0,6.06721,no,-,-,-,-,-,-,-,-
Floating-point utilities,fdim,f256,fdim,primary,primary,211,boost::multiprecision::mpfr_float_backend<64>,yes,exact,320,100,Both,154.982,276.319,100,No,exact,0,10.1933,47.7427,4.68376,boost::multiprecision::mpfr_float_backend<64>,exact,165.018,0,4.68376,no,-,-,-,-,-,-,-,-
Floating-point utilities,copysign,f256,copysign,primary,primary,211,boost::multiprecision::mpfr_float_backend<64>,yes,exact,320,100,Both,214.128,247.093,100,Both,exact,0,8.71632,73.5246,8.43528,boost::multiprecision::mpfr_float_backend<64>,exact,105.872,0,8.43528,no,-,-,-,-,-,-,-,-
Floating-point utilities,ldexp,f256,ldexp,primary,primary,209,boost::multiprecision::mpfr_float_backend<64>,yes,exact,320,100,Both,214.016,273.841,100,Both,exact,0,8.53884,44.7551,5.24135,qdpp (qd_real),0,0,0,1.01564,yes,exact,320,100,Both,0,0,8.67239,1.01564
Floating-point utilities,scalbn,f256,scalbn,primary,primary,209,boost::multiprecision::mpfr_float_backend<64>,yes,exact,320,100,Both,214.016,273.841,100,Both,exact,0,8.69095,44.4077,5.10965,qdpp (qd_real),0,0,0,1.0387,yes,exact,320,100,Both,0,0,9.02731,1.0387
Floating-point utilities,scalbln,f256,scalbln,primary,primary,209,boost::multiprecision::mpfr_float_backend<64>,yes,exact,320,100,Both,214.016,273.841,100,Both,exact,0,8.51111,44.724,5.25477,qdpp (qd_real),0,0,0,1.01633,yes,exact,320,100,Both,0,0,8.65008,1.01633
Floating-point utilities,frexp,f256,frexp,primary,primary,213,boost::multiprecision::mpfr_float_backend<64>,yes,exact,320,100,Both,214.051,250.58,100,Both,exact,0,10.6577,46.4137,4.35496,boost::multiprecision::mpfr_float_backend<64>,exact,105.949,0,4.35496,no,-,-,-,-,-,-,-,-
Floating-point utilities,modf,f256,modf,primary,primary,215,boost::multiprecision::mpfr_float_backend<64>,yes,exact,320,100,Both,187,214.406,50.3689,Both,exact,49.6311,17.9032,101.351,5.66102,boost::multiprecision::mpfr_float_backend<64>,exact,133,49.6311,5.66102,no,-,-,-,-,-,-,-,-
Floating-point utilities,ilogb,f256,ilogb,primary,primary,213,boost::multiprecision::mpfr_float_backend<64>,yes,exact,320,79.6315,Both,exact,320,100,Both,0,-20.3685,2.14221,31.7817,14.8359,boost::multiprecision::mpfr_float_backend<64>,0,0,-20.3685,14.8359,no,-,-,-,-,-,-,-,-
Floating-point utilities,logb,f256,logb,primary,primary,213,boost::multiprecision::mpfr_float_backend<64>,yes,exact,320,79.6317,Both,exact,320,100,Both,0,-20.3683,8.59555,67.1511,7.81231,boost::multiprecision::mpfr_float_backend<64>,0,0,-20.3683,7.81231,no,-,-,-,-,-,-,-,-
Floating-point utilities,nextafter,f256,nextafter,primary,primary,212,boost::multiprecision::mpfr_float_backend<64>,yes,exact,320,100,Both,212.596,237.078,100,No,exact,0,9.31253,538.391,57.8136,boost::multiprecision::mpfr_float_backend<64>,exact,107.404,0,57.8136,no,-,-,-,-,-,-,-,-
Floating-point utilities,nexttoward(type),f256,nexttoward,primary,primary,212,boost::multiprecision::mpfr_float_backend<64>,yes,exact,320,100,Both,212.596,237.078,100,No,exact,0,9.40289,547.331,58.2088,boost::multiprecision::mpfr_float_backend<64>,exact,107.404,0,58.2088,no,-,-,-,-,-,-,-,-
Roots & powers,sqrt,f256,sqrt,primary,primary,213,boost::multiprecision::mpfr_float_backend<64>,yes,213.093,270.839,100,Both,213.474,241.717,100,Both,-0.380449,0,111.899,131.139,1.17194,boost::multiprecision::mpfr_float_backend<64>,29.1216,-0.380449,0,1.17194,yes,176.034,258.416,77.4285,NaN,37.0588,22.5715,448.769,4.01048
Roots & powers,cbrt,f256,cbrt,primary,primary,213,boost::multiprecision::mpfr_float_backend<64>,yes,216,298.624,100,Both,213.884,234.137,100,Both,2.11625,0,308.6,445.234,1.44275,boost::multiprecision::mpfr_float_backend<64>,64.4864,2.11625,0,1.44275,yes,214.297,261.888,79.9201,NaN,1.70326,20.0799,1186.84,3.84587
Roots & powers,hypot,f256,hypot,primary,primary,212,boost::multiprecision::mpfr_float_backend<64>,yes,215.197,290.765,100,Both,212.75,226.557,100,Both,2.44647,0,187.566,492.453,2.62549,boost::multiprecision::mpfr_float_backend<64>,64.2079,2.44647,0,2.62549,no,-,-,-,-,-,-,-,-
Roots & powers,pow,f256,pow,primary,primary,217,boost::multiprecision::mpfr_float_backend<64>,yes,211.435,256.005,98.4805,Both,206.964,234.266,99.7143,Both,4.47171,-1.23382,1894.12,2477.38,1.30793,boost::multiprecision::mpfr_float_backend<64>,21.7395,4.47171,-1.23382,1.30793,yes,0,192.271,98.5464,No,211.435,-0.0658753,6758.92,3.56837
Exponentials,exp,f256,exp,primary,primary,213,boost::multiprecision::mpfr_float_backend<64>,yes,212.83,262.57,100,Both,0,228.466,100,Both,212.83,0,898.129,1268.44,1.41232,boost::multiprecision::mpfr_float_backend<64>,34.1043,212.83,0,1.41232,yes,0,256.403,100,Both,212.83,0,2003.32,2.23055
Exponentials,exp2,f256,exp2,primary,primary,213,boost::multiprecision::mpfr_float_backend<64>,yes,214.062,281.753,100,Both,208.508,244.674,100,Both,5.55411,0,772.23,1526.98,1.97737,boost::multiprecision::mpfr_float_backend<64>,37.079,5.55411,0,1.97737,no,-,-,-,-,-,-,-,-
Exponentials,expm1,f256,expm1,primary,primary,213,boost::multiprecision::mpfr_float_backend<64>,yes,212.83,277.974,100,Both,0,223.148,100,Both,212.83,0,910.368,1421.09,1.561,boost::multiprecision::mpfr_float_backend<64>,54.8259,212.83,0,1.561,yes,-0,269.971,79.953,NaN,212.83,20.047,1996.07,2.1926
Logarithms,log,f256,log,primary,primary,213,boost::multiprecision::mpfr_float_backend<64>,yes,215.453,292.732,100,Both,214.1,230.524,100,Both,1.35355,0,1562.97,2393.12,1.53114,boost::multiprecision::mpfr_float_backend<64>,62.2083,1.35355,0,1.53114,yes,182.203,289.484,78.1887,NaN,33.2504,21.8113,6311.89,4.0384
Logarithms,log2,f256,log2,primary,primary,213,boost::multiprecision::mpfr_float_backend<64>,yes,214.81,269.375,100,Both,214.093,235.376,100,Both,0.716398,0,1645.7,2692.17,1.63588,boost::multiprecision::mpfr_float_backend<64>,33.9983,0.716398,0,1.63588,no,-,-,-,-,-,-,-,-
Logarithms,log10,f256,log10,primary,primary,213,boost::multiprecision::mpfr_float_backend<64>,yes,214.511,278.012,81.4971,Both,214.031,229.978,100,Both,0.480501,-18.5029,1568.81,4611.22,2.9393,boost::multiprecision::mpfr_float_backend<64>,48.034,0.480501,-18.5029,2.9393,yes,182.203,239.439,78.1149,NaN,32.3084,3.38219,6646.71,4.23677
Logarithms,log1p,f256,log1p,primary,primary,209,boost::multiprecision::mpfr_float_backend<64>,yes,214.536,265.997,100,Both,213.037,231.336,100,Both,1.49945,0,1570.37,2431.83,1.54857,boost::multiprecision::mpfr_float_backend<64>,34.6612,1.49945,0,1.54857,yes,6.56927,257.767,80.5582,NaN,207.967,19.4418,6252.38,3.98147
Trigonometric,sin,f256,sin,primary,primary,224,boost::multiprecision::mpfr_float_backend<64>,yes,202.42,209.971,96.4502,Both,199.001,208.346,95.5352,Both,3.41902,0.91499,836.639,1726.95,2.06415,boost::multiprecision::mpfr_float_backend<64>,1.62522,3.41902,0.91499,2.06415,yes,149.977,204.519,77.637,Both,52.4425,18.8132,1841.82,2.20146
Trigonometric,cos,f256,cos,primary,primary,224,boost::multiprecision::mpfr_float_backend<64>,yes,202.42,209.443,96.4816,Both,199.001,210.156,95.5584,Both,3.41905,0.923158,824.323,1390.25,1.68654,boost::multiprecision::mpfr_float_backend<64>,-0.713446,3.41905,0.923158,1.68654,yes,149.977,204.485,77.6529,Both,52.4425,18.8287,1883.77,2.28524
Trigonometric,tan,f256,tan,primary,primary,216,boost::multiprecision::mpfr_float_backend<64>,yes,197.588,205.329,92.6508,Both,194.184,205.367,94.4545,Both,3.40434,-1.80378,1001.12,2009.87,2.00761,boost::multiprecision::mpfr_float_backend<64>,-0.037884,3.40434,-1.80378,2.00761,yes,149.968,202.583,77.0534,Both,47.6196,15.5973,2281.61,2.27905
Trigonometric,asin,f256,asin,primary,primary,209,boost::multiprecision::mpfr_float_backend<64>,yes,214.023,267.992,100,Both,208.731,228.839,100,Both,5.29171,0,1297.18,6081.33,4.68813,boost::multiprecision::mpfr_float_backend<64>,39.1528,5.29171,0,4.68813,yes,213.541,237.513,100,No,0.482158,0,8510.86,6.56106
Trigonometric,acos,f256,acos,primary,primary,209,boost::multiprecision::mpfr_float_backend<64>,yes,214.113,267.527,100,Both,208.078,232.378,100,Both,6.03465,0,1338.93,6244.82,4.66405,boost::multiprecision::mpfr_float_backend<64>,35.1491,6.03465,0,4.66405,yes,213.43,250.722,100,No,0.682808,0,8359.11,6.24315
Trigonometric,atan,f256,atan,primary,primary,213,boost::multiprecision::mpfr_float_backend<64>,yes,214.651,293.16,100,Both,214.58,253.669,100,Both,0.0714049,0,845.861,2128.21,2.51603,boost::multiprecision::mpfr_float_backend<64>,39.4904,0.0714049,0,2.51603,yes,214.415,277.459,39.6915,NaN,0.236459,60.3085,6214.48,7.34693
Trigonometric,atan2,f256,atan2,primary,primary,211,boost::multiprecision::mpfr_float_backend<64>,yes,214.651,273.062,97.1549,Both,214,237.886,100,Both,0.651496,-2.8451,1020.6,4488.97,4.39836,boost::multiprecision::mpfr_float_backend<64>,35.176,0.651496,-2.8451,4.39836,yes,0,256.256,25.9127,NaN,214.651,71.2422,6235.74,6.10987
Hyperbolic,sinh,f256,sinh,primary,primary,209,boost::multiprecision::mpfr_float_backend<64>,yes,213.827,248.035,100,Both,208.969,220.138,100,Both,4.85809,0,1189,1568.64,1.3193,boost::multiprecision::mpfr_float_backend<64>,27.8976,4.85809,0,1.3193,yes,214.056,241.961,100,NaN,-0.228877,0,2372.95,1.99575
Hyperbolic,cosh,f256,cosh,primary,primary,209,boost::multiprecision::mpfr_float_backend<64>,yes,213.827,260.523,100,Both,209.001,223.494,100,Both,4.82584,0,1144.85,1472.67,1.28633,boost::multiprecision::mpfr_float_backend<64>,37.029,4.82584,0,1.28633,yes,213.954,249.487,100,NaN,-0.126482,0,2316.67,2.02355
Hyperbolic,tanh,f256,tanh,primary,primary,209,boost::multiprecision::mpfr_float_backend<64>,yes,217,302.277,100,Both,214.415,231.906,100,Both,2.58496,0,1113.12,1516.09,1.36202,boost::multiprecision::mpfr_float_backend<64>,70.3709,2.58496,0,1.36202,yes,216,294.494,100,Both,1,0,2355.26,2.1159
Inverse hyperbolic,asinh,f256,asinh,primary,primary,209,boost::multiprecision::mpfr_float_backend<64>,yes,214.322,275.56,100,Both,213.845,240.349,100,Both,0.477073,0,2064.09,4602.29,2.22969,boost::multiprecision::mpfr_float_backend<64>,35.2115,0.477073,0,2.22969,yes,6.56927,269.503,38.8353,NaN,207.753,61.1647,6449.31,3.12452
Inverse hyperbolic,acosh,f256,acosh,primary,primary,209,boost::multiprecision::mpfr_float_backend<64>,yes,214.715,280.475,100,Both,185.805,228.687,100,Both,28.9092,0,2031.47,4711.78,2.31939,boost::multiprecision::mpfr_float_backend<64>,51.7877,28.9092,0,2.31939,yes,6.56927,267.367,13.2776,NaN,208.145,86.7224,6709.61,3.30284
Inverse hyperbolic,atanh,f256,atanh,primary,primary,209,boost::multiprecision::mpfr_float_backend<64>,yes,215,272.458,100,Both,166.3,229.95,100,Both,48.7004,0,1694.78,2776.83,1.63846,boost::multiprecision::mpfr_float_backend<64>,42.5083,48.7004,0,1.63846,yes,7.56927,266.465,80.6852,Both,207.431,19.3148,6195.39,3.65557
Special functions,erfc,f256,erfc,primary,primary,217,boost::multiprecision::mpfr_float_backend<64>,yes,197.334,244.004,97.2301,Both,214.185,237.108,100,Both,-16.8506,-2.76991,8361.64,25051.2,2.99597,boost::multiprecision::mpfr_float_backend<64>,6.89555,-16.8506,-2.76991,2.99597,no,-,-,-,-,-,-,-,-
Special functions,erf,f256,erf,primary,primary,217,boost::multiprecision::mpfr_float_backend<64>,yes,197.069,254.295,97.0863,Both,214.415,230.885,100,Both,-17.3464,-2.91373,8110.65,15623.1,1.92624,boost::multiprecision::mpfr_float_backend<64>,23.4103,-17.3464,-2.91373,1.92624,no,-,-,-,-,-,-,-,-
Special functions,tgamma,f256,tgamma,primary,primary,218,boost::multiprecision::mpfr_float_backend<64>,yes,202.583,222.842,96.297,Both,204.683,223.326,100,Both,-2.10037,-3.70299,7895.93,15778,1.99824,boost::multiprecision::mpfr_float_backend<64>,-0.484105,-2.10037,-3.70299,1.99824,no,-,-,-,-,-,-,-,-
Special functions,lgamma,f256,lgamma,primary,primary,218,boost::multiprecision::mpfr_float_backend<64>,yes,202.713,237.57,97.4838,Both,0,198.102,46.275,Both,202.713,51.2089,7326.73,17019.5,2.32294,boost::multiprecision::mpfr_float_backend<64>,39.4683,202.713,51.2089,2.32294,no,-,-,-,-,-,-,-,-
Comparisons,operator==,f256,operator==,primary,primary,212,boost::multiprecision::mpfr_float_backend<64>,yes,320,320,100,Both,320,320,100,Both,0,0,2.12899,6.09303,2.86194,qdpp (qd_real),0,0,0,0.991623,yes,320,320,100,Both,0,0,2.11115,0.991623
Comparisons,operator!=,f256,operator!=,primary,primary,212,boost::multiprecision::mpfr_float_backend<64>,yes,320,320,100,Both,320,320,100,Both,0,0,2.15823,6.58326,3.05031,qdpp (qd_real),0,0,0,1.00018,yes,320,320,100,Both,0,0,2.15863,1.00018
Comparisons,operator<,f256,operator<,primary,primary,212,boost::multiprecision::mpfr_float_backend<64>,yes,320,320,100,Both,320,320,100,Both,0,0,2.16742,8.48564,3.91509,qdpp (qd_real),0,0,0,0.99692,yes,320,320,100,Both,0,0,2.16075,0.99692
Comparisons,operator>,f256,operator>,primary,primary,212,boost::multiprecision::mpfr_float_backend<64>,yes,320,320,100,Both,320,320,100,Both,0,0,2.15858,7.78569,3.60686,qdpp (qd_real),0,0,0,0.991288,yes,320,320,100,Both,0,0,2.13977,0.991288
Comparisons,operator<=,f256,operator<=,primary,primary,212,boost::multiprecision::mpfr_float_backend<64>,yes,320,320,100,Both,320,320,100,Both,0,0,2.15933,8.07001,3.73728,qdpp (qd_real),0,0,0,0.99241,yes,320,320,100,Both,0,0,2.14294,0.99241
Comparisons,operator>=,f256,operator>=,primary,primary,212,boost::multiprecision::mpfr_float_backend<64>,yes,320,320,100,Both,320,320,100,Both,0,0,2.15634,8.05776,3.73678,qdpp (qd_real),0,0,0,0.994421,yes,320,320,100,Both,0,0,2.14431,0.994421
